pano,ONSConstID,ConstituencyName,Region,ConstituencyType,IndexOfChange,Winner19,Second19,Con19,Lab19,LD19,SNP19,PC19,Green19,Brexit19,Other19,Majority19,Turnout19,ConVote19,LabVote19,LDVote19,SNPVote19,PCVote19,GreenVote19,BrexitVote19,OtherVote19,TotalVote19,Electorate19
1,W07000081,Aberafan Maesteg,Wales,County,69.2,Lab,Con,22.63,52.92,3.7,0,8.98,1.58,8.54,1.65,30.29,63.6,10052,23509,1645,0,3991,701,3794,731,44423,69817
2,S14000060,Aberdeen North,Scotland,Borough,61.3,SNP,Con,24.55,11.98,7.73,52.9,0,1.22,1.62,0,28.35,65.2,12306,6005,3875,26516,0,612,813,0,50127,76895
3,S14000061,Aberdeen South,Scotland,Borough,21.1,SNP,Con,34.36,8.77,10.69,45.26,0,0.53,0.39,0,10.9,65.5,17220,4394,5358,22683,0,268,195,0,50118,76560
4,S14000062,Aberdeenshire North and Moray East,Scotland,County,48.9,Con,SNP,48.32,4.17,4.42,43.09,0,0,0,0,5.23,64.2,22174,1914,2028,19775,0,0,0,0,45891,71485
5,S14000058,West Aberdeenshire and Kincardine,Scotland,County,none,Con,SNP,42.65,4.56,11.72,41.07,0,0,0,0,1.58,72.4,22752,2431,6253,21909,0,0,0,0,53345,73634
6,S14000063,Airdrie and Shotts,Scotland,County,10.8,SNP,Lab,17.26,33.11,3.57,44.6,0,1.46,0,0,11.49,65.8,8000,15343,1652,20667,0,676,0,0,46338,70420
7,E14001063,Aldershot,South East,Borough,6.6,Con,Lab,56.83,22.13,17.5,0,0,3.55,0,0,34.7,67.5,29453,11468,9068,0,0,1839,0,0,51828,76765
8,E14001064,Aldridge-Brownhills,West Midlands,Borough,20.7,Con,Lab,69.61,21.52,5.61,0,0,1.84,0.71,0.71,48.09,64.7,32941,10183,2654,0,0,873,334,336,47321,73122
9,S14000064,Alloa and Grangemouth,Scotland,County,99.7,SNP,Con,24.8,14.5,5.31,52.67,0,1.48,0.39,0.84,27.87,63.2,11323,6622,2426,24050,0,678,177,382,45658,72265
10,E14001065,Altrincham and Sale West,North West,Borough,none,Con,Lab,48.05,36.84,11.02,0,0,2.86,0,1.24,11.21,74.1,26311,20172,6036,0,0,1566,0,678,54763,73934
11,W07000082,Alyn and Deeside,Wales,County,20.1,Lab,Con,41.95,42.74,5.91,0,3.4,0,5.99,0,0.79,69.2,21963,22374,3095,0,1781,0,3137,0,52350,75695
12,E14001066,Amber Valley,East Midlands,County,0.1,Con,Lab,63.84,26.81,6.3,0,0,3.05,0,0,37.03,64.6,29118,12227,2875,0,0,1389,0,0,45609,70625
13,S14000065,Angus and Perthshire Glens,Scotland,County,91.6,SNP,Con,39.8,4.25,4.96,50.42,0,0,0.58,0,10.62,73.4,22504,2402,2803,28509,0,0,329,0,56547,77006
17,S14000066,Arbroath and Broughty Ferry,Scotland,County,56.8,SNP,Con,30.26,10.21,8,50.94,0,0,0,0.6,20.68,67.9,15773,5321,4168,26550,0,0,0,312,52124,76810
18,S14000067,"Argyll, Bute and South Lochaber",Scotland,County,6.1,SNP,Con,34.51,7.08,14.14,44.16,0,0,0.11,0,9.65,70.7,17506,3592,7172,22403,0,0,54,0,50727,71707
19,E14001067,Arundel and South Downs,South East,County,57.8,Con,LD,60.44,15.68,18.95,0,0,3.98,0,0.96,41.49,75.5,35117,9108,11012,0,0,2312,0,556,58105,76974
20,E14001068,Ashfield,East Midlands,County,18,Con,Other,39.2,25.58,2.07,0,0,1.31,4.98,26.86,12.35,61.5,16838,10986,890,0,0,563,2137,11535,42949,69819
21,E14001069,Ashford,South East,County,54.7,Con,Lab,59.2,23.77,10.65,0,0,4.6,0,1.77,35.43,66.1,28759,11548,5176,0,0,2234,0,862,48579,73546
22,E14001070,Ashton-under-Lyne,North West,Borough,50.9,Lab,Con,36.2,47.53,4.29,0,0,3.48,8.5,0,11.33,57.2,14978,19667,1774,0,0,1440,3518,0,41377,72278
23,E14001071,Aylesbury,South East,County,54.3,Con,Lab,51.69,22.95,21.89,0,0,2.94,0.53,0,28.75,76.5,29924,13284,12670,0,0,1701,309,0,57888,75636
24,S14000006,"Ayr, Carrick and Cumnock",Scotland,County,none,SNP,Con,38.51,13.35,4.63,43.51,0,0,0,0,5,64.7,17943,6219,2158,20272,0,0,0,0,46592,72057
25,S14000010,Central Ayrshire,Scotland,County,none,SNP,Con,34.77,14.15,4.91,46.17,0,0,0,0,11.4,66.7,16182,6583,2283,21486,0,0,0,0,46534,69779
26,S14000048,North Ayrshire and Arran,Scotland,County,none,SNP,Con,30.85,13.92,4.38,48.54,0,2.31,0,0,17.7,65.4,14855,6702,2107,23376,0,1114,0,0,48154,73588
27,E14001072,Banbury,South East,County,55.2,Con,Lab,51.95,24.79,20.34,0,0,2.91,0,0,27.16,72.6,26397,12598,10335,0,0,1480,0,0,50810,69943
28,W07000083,Bangor Aberconwy,Wales,County,57.1,Con,Lab,39.98,38.44,4.42,0,16.21,0,0.94,0,1.55,68.7,19355,18606,2142,0,7849,0,455,0,48407,70468
29,E14001073,Barking,London,Borough,8.7,Lab,Con,26.82,60.94,3.31,0,0,1.83,7.1,0,34.11,57.1,11003,24996,1356,0,0,750,2914,0,41019,71822
30,E14001074,Barnsley North,Yorkshire and The Humber,County,38.6,Lab,Brexit,23.97,38.54,3.57,0,0,2.36,29.54,2.02,8.9973,57.9,10663,17141,1588,0,0,1051,13139,898,44480,76794
31,E14001075,Barnsley South,Yorkshire and The Humber,County,61.4,Lab,Brexit,22.65,41.82,3.5,0,0,2.06,29.23,0.74,12.584,49.4,8497,15684,1311,0,0,773,10964,279,37508,75896
32,E14001076,Barrow and Furness,North West,County,11.5,Con,Lab,53.05,38.19,4.51,0,0,1.54,2.71,0,14.86,65.3,26551,19115,2256,0,0,770,1355,0,50047,76603
33,E14001077,Basildon and Billericay,East of England,Borough,9.7,Con,Lab,65.88,21.6,8.42,0,0,2.98,0,1.12,44.29,60.9,30867,10118,3947,0,0,1395,0,526,46853,76993
34,E14001480,South Basildon and East Thurrock,East of England,County,20.7,Con,Lab,65.44,23.56,4.1,0,0,0.15,0,6.74,41.88,61,29271,10540,1836,0,0,68,0,3014,44729,73322
35,E14001078,Basingstoke,South East,Borough,21.1,Con,Lab,52.69,28.65,13.28,0,0,3.92,0,1.46,24.03,66.4,26966,14665,6797,0,0,2007,0,746,51181,77050
36,E14001079,Bassetlaw,East Midlands,County,4.3,Con,Lab,54.41,28.01,6.73,0,0,0,10.85,0,26.4,62.9,25941,13353,3210,0,0,0,5173,0,47677,75773
37,E14001080,Bath,South West,County,8.5,LD,Con,32.09,12.52,53.41,0,0,0.26,1.13,0.6,21.32,77.7,18251,7120,30376,0,0,146,642,341,56876,73241
38,S14000068,Bathgate and Linlithgow,Scotland,County,37.3,SNP,Con,24.64,18.79,8.22,43.01,0,2.18,1.91,1.25,18.36,65.9,11635,8874,3881,20306,0,1029,904,588,47217,71650
39,E14001081,Battersea,London,Borough,9.3,Lab,Con,35.38,46.35,15.14,0,0,2.48,0.64,0,10.97,76.3,19431,25457,8316,0,0,1364,350,0,54918,71949
40,E14001082,Beaconsfield,South East,County,7.9,Con,Other,55.5,9.9,0,0,0,3.68,0,30.92,26.17,72.8,29211,5211,0,0,0,1935,0,16276,52633,72315
41,E14001083,Beckenham and Penge,London,Borough,84,Lab,Con,39.05,40.1,16.06,0,0,4.02,0.77,0,1.05,78.5,23487,24118,9657,0,0,2416,464,0,60142,76625
42,E14001084,Bedford,East of England,Borough,3.3,Lab,Con,41.95,44.34,10.03,0,0,1.98,1.7,0,2.39,66.5,19550,20663,4672,0,0,924,794,0,46603,70068
43,E14001359,Mid Bedfordshire,East of England,County,19.3,Con,Lab,60.47,20.51,12.51,0,0,3.89,0,2.63,39.96,71.5,31034,10525,6420,0,0,1998,0,1348,51325,71748
44,E14001384,North Bedfordshire,East of England,County,28.2,Con,Lab,61.14,19.09,13.17,0,0,2.82,0.18,3.6,42.05,73.6,34360,10729,7403,0,0,1585,102,2023,56202,76319
49,E14001085,Bermondsey and Old Southwark,London,Borough,25.3,Lab,LD,16.8,49.64,31.08,0,0,0.05,2.43,0,18.56,65,7710,22776,14261,0,0,25,1113,0,45885,70602
50,S14000008,"Berwickshire, Roxburgh and Selkirk",Scotland,County,none,Con,SNP,48.45,4.73,8.07,38.76,0,0,0,0,9.69,71.2,25747,2513,4287,20599,0,0,0,0,53146,74687
51,E14001086,Bethnal Green and Stepney,London,Borough,35.8,Lab,Con,10.14,73.51,9.28,0,0,4.21,1.99,0.88,63.37,64.9,5065,36720,4634,0,0,2101,992,439,49951,77000
52,E14001087,Beverley and Holderness,Yorkshire and The Humber,County,10.6,Con,Lab,60.99,24.66,9.25,0,0,2.49,0,2.6,36.33,69.6,30179,12203,4579,0,0,1234,0,1288,49483,71102
53,E14001088,Bexhill and Battle,South East,County,26.1,Con,Lab,61.76,20.77,13.39,0,0,4.08,0,0,40.98,70.2,30716,10332,6658,0,0,2031,0,0,49737,70869
54,E14001089,Bexleyheath and Crayford,London,Borough,33.1,Con,Lab,60.78,28.99,5.99,0,0,2.26,0.88,1.1,31.79,67.6,28750,13712,2832,0,0,1070,416,520,47300,69948
55,E14001090,Bicester and Woodstock,South East,County,99.7,Con,LD,53.91,16.85,26.59,0,0,2.36,0.29,0,27.32,73.9,28030,8762,13825,0,0,1225,149,0,51991,70389
56,E14001091,Birkenhead,North West,Borough,18.7,Lab,Con,15.58,60,3.98,0,0,3,3.37,14.07,44.42,67.9,8063,31056,2062,0,0,1552,1744,7285,51762,76271
57,E14001092,Birmingham Edgbaston,West Midlands,Borough,13.6,Lab,Con,35.45,52.32,7.25,0,0,2.57,2.4,0,16.87,63.9,16167,23858,3306,0,0,1172,1096,0,45599,71354
58,E14001093,Birmingham Erdington,West Midlands,Borough,18.4,Lab,Con,41.48,49.44,3.25,0,0,1.8,4.03,0,7.96,54,17213,20518,1349,0,0,746,1673,0,41499,76856
59,E14001094,Birmingham Hall Green and Moseley,West Midlands,Borough,15.8,Lab,Con,15.02,66.25,7.16,0,0,1.68,1.93,7.96,51.23,68.3,7772,34279,3703,0,0,869,997,4119,51739,75781
60,E14001095,Birmingham Hodge Hill and Solihull North,West Midlands,Borough,73.6,Lab,Con,28.56,59.92,4.33,0,0,3.49,3.08,0.62,31.36,53.7,11793,24744,1788,0,0,1441,1271,257,41294,76922
61,E14001096,Birmingham Ladywood,West Midlands,Borough,64.6,Lab,Con,9.84,83,2.77,0,0,1.85,2.2,0.35,73.16,58.2,4381,36964,1233,0,0,823,980,154,44535,76585
62,E14001097,Birmingham Northfield,West Midlands,Borough,3,Con,Lab,46.08,42.7,4.61,0,0,2.22,3.8,0.58,3.38,59.5,20135,18657,2013,0,0,972,1661,254,43692,73483
63,E14001098,Birmingham Perry Barr,West Midlands,Borough,37.9,Lab,Con,20.42,68.01,6.53,0,0,1.88,2.84,0.32,47.59,63.4,9582,31907,3062,0,0,883,1333,148,46915,74048
64,E14001099,Birmingham Selly Oak,West Midlands,Borough,5.8,Lab,Con,31.63,55.71,6.24,0,0,3.69,2.73,0,24.09,63.4,15291,26936,3018,0,0,1783,1319,0,48347,76285
65,E14001100,Birmingham Yardley,West Midlands,Borough,32,Lab,Con,26.75,58.1,8.93,0,0,1.2,5.02,0,31.36,58.3,11208,24349,3743,0,0,503,2103,0,41906,71912
66,E14001101,Bishop Auckland,North East,County,52.9,Con,Lab,53,36.61,3.6,0,0,0.61,5.53,0.66,16.39,69.9,26239,18126,1782,0,0,300,2739,325,49511,70879
67,E14001102,Blackburn,North West,Borough,3.1,Lab,Con,23.33,65.98,2.42,0,0,1.6,5.93,0.73,42.65,61.8,10182,28798,1058,0,0,698,2590,319,43645,70586
68,E14001103,Blackley and Middleton South,North West,Borough,75.7,Lab,Con,28.23,59.01,3.01,0,0,2.03,7.72,0,30.78,52.6,10599,22157,1130,0,0,764,2898,0,37548,71375
69,E14001104,Blackpool North and Fleetwood,North West,Borough,80.1,Con,Lab,55.84,35.62,4.04,0,0,1.91,1.71,0.89,20.22,66.4,27946,17827,2020,0,0,954,858,443,50048,75396
70,E14001105,Blackpool South,North West,Borough,33.7,Con,Lab,48.84,40.12,3.53,0,0,1.91,4.74,0.87,8.72,55.8,20715,17015,1497,0,0,810,2009,368,42414,76071
71,W07000084,Blaenau Gwent and Rhymney,Wales,County,39.6,Lab,Con,19.59,50.4,3.74,0,6.38,0.99,17.99,0.9,30.81,59.2,8246,21215,1576,0,2687,418,7574,378,42094,71079
72,E14001106,Blaydon and Consett,North East,County,99.2,Lab,Con,34.86,43.98,4.57,0,0,3.03,9.7,3.87,9.12,66.9,16371,20656,2146,0,0,1421,4555,1816,46965,70163
73,E14001107,Blyth and Ashington,North East,County,72.1,Lab,Con,33.45,47.69,6.42,0,0,2.9,9.12,0.41,14.23,57,14382,20500,2761,0,0,1248,3921,178,42990,75452
74,E14001108,Bognor Regis and Littlehampton,South East,Borough,29.8,Con,Lab,62.17,18.97,13.29,0,0,3.26,0,2.31,43.2,68.2,32645,9963,6978,0,0,1711,0,1213,52510,76985
75,E14001109,Bolsover,East Midlands,County,0.8,Con,Lab,47.71,36.17,3.81,0,0,1.57,8.58,2.16,11.54,61.2,21792,16519,1741,0,0,717,3920,987,45676,74680
76,E14001110,Bolton North East,North West,Borough,14.4,Con,Lab,45.01,42.45,4.39,0,0,1.61,6.54,0,2.56,64.7,22436,21158,2188,0,0,803,3259,0,49844,77020
77,E14001111,Bolton South and Walkden,North West,Borough,66.5,Lab,Con,31.74,56.59,3.85,0,0,2.45,5.37,0,24.85,58.1,13961,24890,1695,0,0,1077,2361,0,43984,75716
78,E14001112,Bolton West,North West,County,28.6,Con,Lab,56.54,35.25,5.64,0,0,1.79,0.77,0,21.29,69.1,28197,17578,2815,0,0,893,385,0,49868,72125
79,E14001113,Bootle,North West,Borough,none,Lab,Con,9.17,79.44,3.71,0,0,2.37,5.31,0,70.27,65.4,4510,39066,1822,0,0,1166,2610,0,49174,75194
80,E14001114,Boston and Skegness,East Midlands,County,9.2,Con,Lab,76.43,15.56,4.84,0,0,0,0,3.17,60.87,59.4,34406,7004,2180,0,0,0,0,1428,45018,75806
81,E14001115,Bournemouth East,South West,Borough,0.1,Con,Lab,50.59,32.72,10.98,0,0,4.16,0,1.54,17.87,67.4,24957,16140,5418,0,0,2052,0,761,49328,73173
82,E14001116,Bournemouth West,South West,Borough,7.6,Con,Lab,53.58,31.85,10.06,0,0,4.52,0,0,21.73,63.5,24512,14571,4603,0,0,2066,0,0,45752,72094
83,E14001117,Bracknell,South East,Borough,26.4,Con,Lab,55.5,25.36,13.98,0,0,3.98,0,1.18,30.13,66.7,26022,11893,6555,0,0,1865,0,553,46888,70247
84,E14001118,Bradford East,Yorkshire and The Humber,Borough,2.1,Lab,Con,21.71,62.98,7.67,0,0,1.48,6.15,0,41.27,59.6,9344,27105,3302,0,0,638,2647,0,43036,72150
85,E14001119,Bradford South,Yorkshire and The Humber,Borough,2.3,Lab,Con,40.06,46.74,3.71,0,0,2.46,7.02,0,6.67,57.7,16381,19110,1519,0,0,1007,2872,0,40889,70890
86,E14001120,Bradford West,Yorkshire and The Humber,Borough,none,Lab,Con,15.18,76.22,3.05,0,0,1.84,3.52,0.2,61.04,62.1,6717,33736,1349,0,0,813,1556,90,44261,71258
87,E14001121,Braintree,East of England,County,18.2,Con,Lab,67.47,18.18,9.7,0,0,0.45,0,4.2,49.28,68.3,34863,9397,5013,0,0,233,0,2169,51675,75662
88,W07000085,"Brecon, Radnor and Cwm Tawe",Wales,County,33.9,Con,LD,46.61,17.53,29.22,0,3.24,0.42,1.84,1.13,17.39,72.5,24368,9164,15277,0,1692,221,964,590,52276,72113
89,E14001122,Brent East,London,Borough,53.7,Lab,Con,23.5,63.84,9.02,0,0,3.24,0.4,0,40.34,58,10344,28100,3972,0,0,1426,175,0,44017,75880
90,E14001123,Brent West,London,Borough,44.7,Lab,Con,33.8,53.28,9.11,0,0,1.71,1.55,0.56,19.48,63.3,16361,25792,4408,0,0,826,750,270,48407,76463
91,E14001124,Brentford and Isleworth,London,Borough,44.6,Lab,Con,28.3,50.33,16.32,0,0,2.98,2.06,0,22.03,67.6,14609,25978,8425,0,0,1540,1063,0,51615,76354
92,E14001125,Brentwood and Ongar,East of England,County,0.2,Con,Lab,68.54,13.69,13.59,0,0,3.17,0,1.01,54.86,70.5,36202,7228,7179,0,0,1675,0,532,52816,74937
93,W07000086,Bridgend,Wales,County,46.2,Con,Lab,43.96,38.49,5.25,0,5.23,1.86,5.22,0,5.47,66,20531,17978,2453,0,2441,868,2437,0,46708,70770
94,E14001126,Bridgwater,South West,County,60.5,Con,Lab,57.9,20.74,17.63,0,0,2.06,0,1.68,37.16,63,26058,9334,7932,0,0,925,0,755,45004,71418
95,E14001127,Bridlington and the Wolds,Yorkshire and The Humber,County,31.1,Con,Lab,66.57,19.88,7.49,0,0,2.85,0,3.21,46.69,64.1,30916,9231,3479,0,0,1323,0,1491,46440,72501
96,E14001128,Brigg and Immingham,Yorkshire and The Humber,County,65.8,Con,Lab,71.94,20.2,4.38,0,0,2.78,0.7,0,51.74,66,33989,9545,2067,0,0,1315,329,0,47245,71628
97,E14001129,Brighton Kemptown and Peacehaven,South East,Borough,1.6,Lab,Con,34.43,51.18,6,0,0,5.69,2.7,0,16.75,70.8,17019,25299,2964,0,0,2813,1335,0,49430,69865
98,E14001130,Brighton Pavilion,South East,Borough,1.5,Green,Lab,17.74,22.67,0,0,0,57.05,1.33,1.21,34.38,75.4,10129,12945,0,0,0,32575,762,690,57101,75722
99,E14001131,Bristol Central,South West,Borough,29.7,Lab,Green,14.34,58.48,0,0,0,26.02,1.15,0,32.47,73.2,7376,30077,0,0,0,13381,593,0,51427,70227
100,E14001132,Bristol East,South West,Borough,79.7,Lab,Con,23.31,58.39,6.95,0,0,8.44,2.92,0,35.08,72.8,12887,32280,3840,0,0,4664,1615,0,55286,75936
101,E14001133,Bristol North East,South West,Borough,116.4,Lab,Con,39.12,50.3,5.1,0,0,3.98,1.49,0,11.17,70.1,19134,24598,2494,0,0,1948,731,0,48905,69793
102,E14001134,Bristol North West,South West,Borough,23.7,Lab,Con,36.49,48.88,8.11,0,0,6.38,0.14,0,12.39,76.1,21312,28547,4735,0,0,3728,83,0,58405,76783
103,E14001135,Bristol South,South West,Borough,11.7,Lab,Con,32.82,51.62,6.24,0,0,5.07,4.26,0,18.81,64.6,15840,24917,3012,0,0,2445,2054,0,48268,74696
104,E14001136,Broadland and Fakenham,East of England,County,6.7,Con,Lab,59.15,21.61,16.06,0,0,2.5,0,0.69,37.54,72.4,31239,11414,8480,0,0,1318,0,363,52814,72907
105,E14001137,Bromley and Biggin Hill,London,Borough,98.3,Con,Lab,54.45,25.13,15.98,0,0,3.68,0,0.76,29.31,69.7,26710,12330,7838,0,0,1806,0,374,49058,70418
106,E14001138,Bromsgrove,West Midlands,Borough,none,Con,Lab,63.4,20.82,12.49,0,0,3.29,0,0,42.57,72.1,34408,11302,6779,0,0,1783,0,0,54272,75305
107,E14001139,Broxbourne,East of England,County,15.3,Con,Lab,64.24,23.99,9,0,0,2.77,0,0,40.26,63.2,30627,11435,4292,0,0,1321,0,0,47675,75454
108,E14001140,Broxtowe,East Midlands,County,33,Con,Lab,45.17,38,0.51,0,0,3.01,0.68,12.63,7.16,73.6,24083,20264,270,0,0,1606,364,6734,53321,72461
109,E14001141,Buckingham and Bletchley,South East,County,91.5,Con,Lab,53.06,27.69,15.43,0,0,1.2,0.97,1.66,25.37,71.4,27912,14567,8118,0,0,629,508,875,52609,73644
110,E14001360,Mid Buckinghamshire,South East,County,114.3,Con,LD,61.45,15.28,19.68,0,0,2.72,0.86,0,41.77,75.1,33321,8283,10673,0,0,1477,469,0,54223,72240
111,E14001142,Burnley,North West,County,16.1,Con,Lab,40.46,40.19,7.67,0,0,1.8,7.14,2.75,0.27,62.4,19056,18929,3614,0,0,847,3362,1294,47102,75436
112,E14001143,Burton and Uttoxeter,West Midlands,Borough,none,Con,Lab,60.65,30.91,5.5,0,0,2.94,0,0,29.74,64.6,29560,15064,2681,0,0,1433,0,0,48738,75460
113,E14001144,Bury North,North West,Borough,12.6,Con,Lab,47.29,44.89,3.07,0,0,1.76,2.7,0.3,2.4,69.4,25285,24003,1639,0,0,939,1446,158,53470,77009
114,E14001145,Bury South,North West,Borough,23.2,Con,Lab,43.47,41.58,6.16,0,0,1.81,3.72,3.25,1.88,66.5,21574,20639,3059,0,0,900,1847,1615,49634,74598
115,E14001146,Bury St Edmunds and Stowmarket,East of England,County,33.2,Con,Lab,62.92,20.84,1.08,0,0,12.42,0,2.73,42.08,69.4,33023,10938,565,0,0,6520,0,1435,52481,75655
116,W07000087,Caerfyrddin,Wales,County,57.6,Con,PC,39.16,25.08,1.29,0,30.67,0,3.79,0,8.49,73.4,20891,13380,686,0,16362,0,2023,0,53342,72683
117,W07000088,Caerphilly,Wales,County,30.8,Lab,Con,28.58,43.89,0.72,0,14.71,0.36,11.73,0,15.31,62.2,12882,19783,323,0,6630,164,5287,0,45069,72458
118,S14000069,"Caithness, Sutherland and Easter Ross",Scotland,County,60.2,SNP,LD,17.33,5.31,33.59,38.88,0,0.64,2.86,1.38,5.29,70.1,9139,2799,17710,20498,0,336,1510,728,52720,75173
119,E14001147,Calder Valley,Yorkshire and The Humber,County,3.6,Con,Lab,51.35,42.31,5.06,0,0,0,0,1.28,9.05,74.3,28991,23884,2858,0,0,0,0,721,56454,75987
120,E14001148,Camborne and Redruth,South West,County,19.6,Con,Lab,53.26,34.17,8.47,0,0,2.79,0,1.31,19.09,70.1,27471,17623,4370,0,0,1441,0,676,51581,73568
121,E14001149,Cambridge,East of England,Borough,7.6,Lab,LD,14.76,47.45,31.16,0,0,4.16,1.93,0.54,16.28,68.6,7344,23600,15501,0,0,2068,958,269,49740,72560
122,E14001390,North East Cambridgeshire,East of England,County,15.7,Con,Lab,73.87,16.05,6.71,0,0,3.37,0,0,57.82,63,32934,7155,2992,0,0,1503,0,0,44584,70806
123,E14001401,North West Cambridgeshire,East of England,County,25.1,Con,Lab,59.96,23.75,11,0,0,5.24,0.05,0,36.21,63.9,28201,11169,5173,0,0,2464,25,0,47032,73556
124,E14001481,South Cambridgeshire,East of England,County,62.2,Con,LD,43.53,15.13,41.04,0,0,0.16,0.14,0,2.49,79.6,26153,9091,24655,0,0,96,83,0,60078,75484
125,E14001150,Cannock Chase,West Midlands,Borough,none,Con,Lab,68.31,25.39,0,0,0,6.3,0,0,42.92,61.3,31636,11757,0,0,0,2920,0,0,46313,75582
126,E14001151,Canterbury,South East,County,5.7,Lab,Con,44.82,48.6,5.7,0,0,0,0,0.88,3.78,75.7,25622,27782,3257,0,0,0,0,505,57166,75499
127,W07000089,Cardiff East,Wales,Borough,63.9,Lab,Con,22.7143,59.22,12.3,0,0.63,0.64,3.46,1.04,36.51,64.6,10626,27705,5752,0,294,300,1617,487,46781,72463
128,W07000090,Cardiff North,Wales,Borough,4.3,Lab,Con,35.74,49.59,6.55,0,3.45,1.5,2.65,0.53,13.85,76.9,19551,27130,3582,0,1888,820,1450,288,54709,71143
129,W07000091,Cardiff South and Penarth,Wales,County,57.4,Lab,Con,30.14,53.66,7,0,4.15,2.29,2.76,0,23.53,69.7,15179,27030,3528,0,2091,1153,1389,0,50370,72269
130,W07000092,Cardiff West,Wales,Borough,8.9,Lab,Con,29.85,50.15,5.29,0,8.51,2.2,3.69,0.31,20.3,70.2,15505,26051,2749,0,4419,1141,1917,159,51941,73947
131,E14001152,Carlisle,North West,County,36.7,Con,Lab,56.52,34.48,5,0,0,1.61,0,2.4,22.03,67.5,28959,17669,2560,0,0,823,0,1229,51240,75868
132,E14001153,Carshalton and Wallington,London,Borough,none,Con,LD,42.41,12.39,41.13,0,0,1.55,2.12,0.41,1.28,67.5,20822,6081,20193,0,0,759,1043,200,49098,72755
133,E14001154,Castle Point,East of England,Borough,2.3,Con,Lab,76.54,16.81,6.64,0,0,0,0,0,59.73,63.8,34611,7602,3004,0,0,0,0,0,45217,70923
134,W07000093,Ceredigion Preseli,Wales,County,31.9,PC,Con,28.26,20.77,14.63,0,31.05,1.28,3.99,0,2.79,69.8,14602,10733,7561,0,16045,663,2063,0,51667,74063
135,E14001157,Chatham and Aylesford,South East,County,25.1,Con,Lab,65.89,24.43,6.73,0,0,2.48,0,0.46,41.46,61.2,30183,11191,3085,0,0,1138,0,212,45809,74840
136,E14001158,Cheadle,North West,Borough,none,Con,LD,45.96,12.26,41.78,0,0,0,0,0,4.18,75.8,25694,6851,23358,0,0,0,0,0,55903,73775
137,E14001159,Chelmsford,East of England,Borough,5.4,Con,LD,54.71,18.15,26.07,0,0,0,0,1.08,28.64,70.4,29447,9768,14031,0,0,0,0,580,53826,76454
138,E14001160,Chelsea and Fulham,London,Borough,26.7,Con,Lab,45.47,29.05,23.83,0,0,0.42,0.32,0.91,16.42,71.6,24909,15916,13053,0,0,228,175,500,54781,76481
139,E14001161,Cheltenham,South West,Borough,5.9,Con,LD,48.46,4.8,45.96,0,0,0,0,0.78,2.5,75.5,27563,2733,26142,0,0,0,0,445,56883,75292
140,E14001162,Chesham and Amersham,South East,County,36,Con,LD,56.35,13.91,22.43,0,0,4.84,0,2.47,33.91,72.4,30264,7473,12048,0,0,2600,0,1326,53711,74155
141,E14001361,Mid Cheshire,North West,County,116,Con,Lab,46.95,41.63,8.39,0,0,1.96,1.07,0,5.32,67.2,22022,19528,3934,0,0,921,502,0,46907,69775
142,E14001163,Chester North and Neston,North West,County,48.7,Lab,Con,38.47,50.32,6.19,0,0,2.23,2.79,0,11.85,74.6,20746,27137,3337,0,0,1202,1502,0,53924,72327
143,E14001164,Chester South and Eddisbury,North West,County,83.6,Con,Lab,59.23,21.51,15.3,0,0,2.11,1.03,0.82,37.72,76.7,32703,11877,8446,0,0,1163,569,451,55209,71975
144,E14001165,Chesterfield,East Midlands,Borough,none,Lab,Con,37,40.21,8.82,0,0,2.54,10.56,0.87,3.21,63.9,16720,18171,3985,0,0,1148,4771,391,45186,70722
145,E14001166,Chichester,South East,County,38.2,Con,LD,58.76,15.39,20.3,0,0,4.9,0,0.65,38.46,66.5,29981,7850,10359,0,0,2499,0,333,51022,76765
146,E14001167,Chingford and Woodford Green,London,Borough,22.3,Con,Lab,48.2,45.27,5.85,0,0,0.39,0.29,0,2.94,72.2,26322,24718,3193,0,0,213,160,0,54606,75677
147,E14001168,Chippenham,South West,County,96,Con,LD,56.38,11.67,30.26,0,0,1.69,0,0,26.13,70.5,28485,5896,15285,0,0,853,0,0,50519,71648
148,E14001169,Chipping Barnet,London,Borough,43.3,Con,Lab,47.55,40.34,9.83,0,0,2.16,0,0.12,7.2,76.7,27777,23568,5745,0,0,1261,0,71,58422,76187
149,E14001170,Chorley,North West,County,4.4,Spkr,Other,0,0,0,0,0,9.03,0,90.97,43.62,53.5,0,0,0,0,0,3600,0,36270,39870,74568
150,E14001171,Christchurch,South West,County,3,Con,LD,65.59,12.87,17.35,0,0,4.19,0,0,48.24,72.5,34037,6676,9003,0,0,2174,0,0,51890,71598
151,E14001172,Cities of London and Westminster,London,Borough,32.6,Con,Lab,40.33,28.87,28.23,0,0,1.94,0.2,0.43,11.47,71.3,21020,15044,14713,0,0,1010,103,226,52116,73140
152,E14001174,Clacton,East of England,County,7.9,Con,Lab,71.88,15.56,6.19,0,0,2.94,0,3.43,56.31,60.1,32825,7108,2829,0,0,1341,0,1566,45669,75959
153,E14001175,Clapham and Brixton Hill,London,Borough,91.6,Lab,LD,19.5,55.36,19.81,0,0,4.21,1.13,0,35.55,64.4,9481,26924,9633,0,0,2045,549,0,48632,75460
154,W07000094,Clwyd East,Wales,County,85.9,Con,Lab,47.94,37.94,5.34,0,4.66,0,4.11,0,10,69.1,25324,20040,2823,0,2460,0,2173,0,52820,76395
155,W07000095,Clwyd North,Wales,County,92.2,Con,Lab,45.78,40.25,4.88,0,7.24,0,1.85,0,5.53,67.4,23479,20645,2501,0,3713,0,951,0,51289,76150
156,S14000070,Coatbridge and Bellshill,Scotland,Borough,26.4,SNP,Lab,11.86,36.27,3,47.35,0,1.53,0,0,11.08,63.3,5444,16646,1375,21730,0,701,0,0,45896,72507
157,E14001176,Colchester,East of England,Borough,8.8,Con,Lab,52.34,30.05,14.68,0,0,2.93,0,0,22.29,63.9,25693,14753,7209,0,0,1436,0,0,49091,76843
158,E14001177,Colne Valley,Yorkshire and The Humber,County,15.6,Con,Lab,51.23,36.23,7.01,0,0,1.73,2.1,1.7,14.99,72.4,26517,18756,3630,0,0,893,1089,880,51765,71518
159,E14001178,Congleton,North West,County,14.1,Con,Lab,60.64,24.1,11.08,0,0,2.86,0,1.32,36.54,71.3,30207,12004,5521,0,0,1423,0,658,49813,69836
160,E14001179,Corby and East Northamptonshire,East Midlands,County,10.7,Con,Lab,54.64,38.54,6.83,0,0,0,0,0,16.1,70.2,29443,20767,3680,0,0,0,0,0,53890,76748
161,E14001385,North Cornwall,South West,County,6.7,Con,LD,59.07,9.62,29.88,0,0,0.19,0,1.25,29.19,72.1,31941,5201,16158,0,0,101,0,676,54077,75034
162,E14001486,South East Cornwall,South West,County,0.7,Con,Lab,59.03,20.32,16.31,0,0,2.69,0,1.66,38.71,72.8,30839,10614,8520,0,0,1405,0,869,52247,71734
163,E14001386,North Cotswolds,South West,County,97.7,Con,LD,59.34,16.52,18,0,0,5.8,0.34,0,41.34,71.6,30140,8391,9143,0,0,2944,175,0,50793,70915
164,E14001482,South Cotswolds,South West,County,90.4,Con,LD,57.9,10.66,27.65,0,0,3.79,0,0,30.25,73,30798,5669,14706,0,0,2016,0,0,53189,72865
165,E14001180,Coventry East,West Midlands,Borough,34.5,Lab,Con,35.02,52.1,5.4,0,0,2.33,5.14,0,17.07,58.2,14950,22238,2307,0,0,995,2194,0,42684,73389
166,E14001181,Coventry North West,West Midlands,Borough,none,Lab,Con,43.38,43.81,5.69,0,0,3.02,4.1,0,0.44,65,20710,20918,2717,0,0,1443,1956,0,47744,73431
167,E14001182,Coventry South,West Midlands,Borough,37.6,Lab,Con,42.54,44.27,6.73,0,0,2.65,2.88,0.93,1.73,65.9,19912,20720,3152,0,0,1238,1348,435,46805,70998
168,S14000071,Cowdenbeath and Kirkcaldy,Scotland,County,36.1,SNP,Lab,22.23,29.49,6.46,36.32,0,3.51,1.99,0,6.83,67,10482,13902,3048,17122,0,1655,939,0,47148,70329
169,E14001183,Cramlington and Killingworth,North East,County,102.8,Lab,Con,39.89,44.37,5.24,0,0,2.48,8.02,0,4.49,65.6,19174,21331,2520,0,0,1192,3855,0,48072,73295
170,E14001184,Crawley,South East,Borough,none,Con,Lab,54.19,37.44,5.47,0,0,2.91,0,0,16.75,67,27040,18680,2728,0,0,1451,0,0,49899,74446
171,E14001185,Crewe and Nantwich,North West,County,6.2,Con,Lab,50.82,39.24,5.13,0,0,1.89,2.62,0.3,11.59,65.8,25511,19695,2573,0,0,951,1317,149,50196,76236
172,E14001186,Croydon East,London,Borough,26.8,Lab,Con,41.34,48.08,6.6,0,0,2.33,1.65,0,6.74,67.2,20927,24340,3341,0,0,1177,837,0,50622,75346
173,E14001187,Croydon South,London,Borough,27.2,Con,Lab,54.48,28.13,13.53,0,0,2.88,0.12,0.87,26.34,71.1,27725,14317,6885,0,0,1466,59,442,50894,71541
174,E14001188,Croydon West,London,Borough,62.6,Lab,Con,21.51,66.71,6.97,0,0,2.71,1.32,0.78,45.2,62.8,9561,29651,3097,0,0,1205,587,348,44449,70812
175,S14000072,Cumbernauld and Kirkintilloch,Scotland,County,28.1,SNP,Lab,15.02,27.13,5.58,52.03,0,0.24,0,0,24.9,68.3,7243,13079,2691,25084,0,115,0,0,48212,70579
176,E14001189,Dagenham and Rainham,London,Borough,23,Lab,Con,43.12,44.73,3.04,0,0,1.53,6.62,0.96,1.6,59.7,18970,19676,1338,0,0,674,2913,421,43992,73627
177,E14001190,Darlington,North East,County,5.6,Con,Lab,49.66,38.93,4.62,0,0,2.52,3.64,0.63,10.73,65.7,22994,18026,2139,0,0,1166,1684,292,46301,70446
178,E14001191,Dartford,South East,County,13.2,Con,Lab,61.12,29.49,6.99,0,0,2.4,0,0,31.63,64.5,28413,13709,3251,0,0,1115,0,0,46488,72048
179,E14001192,Daventry,East Midlands,County,17.4,Con,Lab,64.5,17.77,13.12,0,0,4.61,0,0,46.72,74.4,36735,10123,7474,0,0,2624,0,0,56956,76539
180,E14001193,Derby North,East Midlands,Borough,none,Con,Lab,45.22,39.81,7.34,0,0,2.22,4.06,1.35,5.4,65.4,21259,18719,3450,0,0,1046,1908,635,47017,71876
181,E14001194,Derby South,East Midlands,Borough,none,Lab,Con,36.91,51.08,6.17,0,0,0,5.84,0,14.18,58.9,15671,21690,2621,0,0,0,2480,0,42462,72067
182,E14001195,Derbyshire Dales,East Midlands,County,19.1,Con,Lab,59,24.15,12.76,0,0,4.09,0,0,34.85,75.5,31820,13023,6880,0,0,2207,0,0,53930,71435
183,E14001362,Mid Derbyshire,East Midlands,County,4.8,Con,Lab,59.56,26.96,9.62,0,0,3.86,0,0,32.6,73.6,30724,13908,4960,0,0,1990,0,0,51582,70085
184,E14001391,North East Derbyshire,East Midlands,County,0.9,Con,Lab,58.4,32.32,6.14,0,0,2.67,0.47,0,26.08,68.4,28896,15994,3039,0,0,1319,231,0,49479,72344
185,E14001483,South Derbyshire,East Midlands,County,11.6,Con,Lab,62.12,27.2,7.34,0,0,3.35,0,0,34.92,66.3,29319,12836,3465,0,0,1579,0,0,47199,71202
186,E14001155,Central Devon,South West,County,2.8,Con,Lab,55.3,24.8,14.99,0,0,4.92,0,0,30.5,77.2,31366,14066,8503,0,0,2789,0,0,56724,73491
187,E14001387,North Devon,South West,County,none,Con,LD,56.64,9.17,29.99,0,0,3.16,0,1.04,26.65,72.7,31479,5097,16666,0,0,1759,0,580,55581,76455
188,E14001484,South Devon,South West,County,6.3,Con,LD,53.57,17.03,28.25,0,0,0.15,0,1,25.32,75.6,29027,9228,15308,0,0,82,0,544,54189,71691
189,E14001495,South West Devon,South West,County,12.7,Con,Lab,62.57,21.41,12.13,0,0,3.88,0,0,41.16,74.4,35102,12012,6807,0,0,2179,0,0,56100,75371
190,E14001196,Dewsbury and Batley,Yorkshire and The Humber,Borough,79.6,Lab,Con,28.7,59.09,2.51,0,0,1.11,3.39,5.2,30.39,65.6,13232,27241,1156,0,0,512,1565,2395,46101,70226
191,E14001197,Didcot and Wantage,South East,County,23.8,Con,LD,49.76,16.02,31.32,0,0,0.68,0,2.21,18.44,73.1,27045,8708,17022,0,0,370,0,1201,54346,74356
192,E14001198,Doncaster Central,Yorkshire and The Humber,County,13.5,Lab,Con,36.6,39.36,4.09,0,0,2.25,15.58,2.11,2.76,61.4,16853,18124,1884,0,0,1038,7173,971,46043,75007
193,E14001199,Doncaster East and the Isle of Axholme,Yorkshire and The Humber,County,65.2,Con,Lab,52.13,28.72,4.44,0,0,2.36,10.33,2.02,23.41,61.4,22460,12375,1912,0,0,1015,4452,870,43084,70113
194,E14001200,Doncaster North,Yorkshire and The Humber,County,8.9,Lab,Con,33.16,38.32,3.61,0,0,0.04,20.34,4.52,5.17,55.9,13286,15356,1446,0,0,18,8151,1813,40070,71739
195,E14001201,Dorking and Horley,South East,County,67,Con,LD,51.17,9.94,32.12,0,0,4.22,0,2.56,19.05,77.5,27883,5415,17502,0,0,2302,0,1393,54495,70317
196,E14001363,Mid Dorset and North Poole,South West,County,13.6,Con,LD,60.04,7.25,29.86,0,0,2.85,0,0,30.18,73.9,32965,3982,16395,0,0,1565,0,0,54907,74305
197,E14001388,North Dorset,South West,County,9.6,Con,LD,63.75,11.93,20.37,0,0,3.95,0,0,43.38,74.1,34085,6379,10890,0,0,2110,0,0,53464,72109
198,E14001485,South Dorset,South West,County,8.5,Con,Lab,59.2,24.78,10.68,0,0,4.43,0,0.92,34.42,68.8,31209,13062,5628,0,0,2335,0,485,52719,76640
199,E14001575,West Dorset,South West,County,9,Con,LD,54.27,9.36,32.84,0,0,3.52,0,0,21.43,76.7,31375,5414,18987,0,0,2037,0,0,57813,75390
200,E14001202,Dover and Deal,South East,County,0.8,Con,Lab,56.87,32.61,5.72,0,0,2.74,0,2.06,24.26,67.5,29117,16696,2927,0,0,1404,0,1053,51197,75855
201,E14001203,Droitwich and Evesham,West Midlands,Borough,5.6,Con,Lab,65.69,17.05,12.03,0,0,4.01,0,1.21,48.65,70.9,34614,8983,6340,0,0,2114,0,638,52689,74345
202,E14001204,Dudley,West Midlands,Borough,15.9,Con,Lab,63.16,30.93,3.79,0,0,2.12,0,0,32.23,59.4,26668,13059,1600,0,0,897,0,0,42224,71083
203,E14001205,Dulwich and West Norwood,London,Borough,24.6,Lab,Con,16.64,64.47,0.96,0,0,16.24,1.08,0.6,47.83,70.2,8686,33649,503,0,0,8475,566,315,52194,74314
204,S14000073,Dumfries and Galloway,Scotland,County,5.3,Con,SNP,43.81,9.38,5.97,40.84,0,0,0,0,2.96,68.3,22999,4923,3135,21443,0,0,0,0,52500,76863
205,S14000074,"Dumfriesshire, Clydesdale and Tweeddale",Scotland,County,10.7,Con,SNP,46.47,8.3,7.3,37.94,0,0,0,0,8.52,72,23649,4223,3713,19311,0,0,0,0,50896,70738
206,S14000097,Mid Dunbartonshire,Scotland,County,11.3,SNP,LD,15.57,9.43,34.49,37.88,0,1.56,0,1.07,3.39,78,9118,5520,20193,22179,0,916,0,626,58552,75099
207,S14000106,West Dunbartonshire,Scotland,County,3.7,SNP,Lab,14.17,28.58,4.18,49.69,0,1.86,0,1.52,21.11,66.3,6606,13322,1949,23163,0,867,0,708,46615,70286
208,S14000075,Dundee Central,Scotland,Borough,27.7,SNP,Lab,11.06,23.85,5.54,56.48,0,0,2.55,0.51,32.63,62,5161,11126,2586,26347,0,0,1191,240,46651,75298
209,S14000076,Dunfermline and Dollar,Scotland,County,17.1,SNP,Lab,21.45,23.58,8.44,44.3,0,2.23,0,0,20.72,68.7,10429,11463,4105,21536,0,1085,1,0,48619,70725
210,E14001206,Dunstable and Leighton Buzzard,East of England,County,7.4,Con,Lab,58.71,26.84,10.79,0,0,3.65,0,0,31.87,65.2,28341,12955,5210,0,0,1764,0,0,48270,74069
212,E14001389,North Durham,North East,County,9.1,Lab,Con,34.43,43.69,6.36,0,0,2.61,10.68,2.22,9.26,65.4,16457,20881,3042,0,0,1249,5106,1063,47798,73079
211,E14001173,City of Durham,North East,County,30.7,Lab,Con,31.86,40.94,16.94,0,0,3.29,6.59,0.38,9.08,70.4,16340,20997,8686,0,0,1688,3382,196,51289,72878
213,W07000096,Dwyfor Meirionnydd,Wales,County,62.7,PC,Con,26.19,22.85,0.16,0,45.75,0,5.06,0,19.56,69.6,13230,11541,79,0,23110,0,2558,0,50518,72533
214,E14001207,Ealing Central and Acton,London,Borough,26.3,Lab,Con,25.62,52.29,17.35,0,0,3.38,1.36,0,26.67,70.3,13574,27707,9191,0,0,1793,720,0,52985,75399
215,E14001208,Ealing North,London,Borough,1.9,Lab,Con,31.9,56.32,8.84,0,0,2.94,0,0,24.42,66.8,15555,27463,4311,0,0,1435,0,0,48764,72985
216,E14001209,Ealing Southall,London,Borough,16.9,Lab,Con,23.93,59.75,9.79,0,0,3.78,1.85,0.9,35.82,67.9,12203,30469,4995,0,0,1928,946,457,50998,75085
217,E14001210,Earley and Woodley,South East,Borough,113,Con,Lab,48.76,26.67,21.81,0,0,2.22,0.54,0,22.1,72.9,24922,13629,11147,0,0,1134,278,0,51110,70083
218,E14001211,Easington,North East,County,14.2,Lab,Con,27.06,46.76,4.14,0,0,0.26,18.14,3.63,19.7,56.9,10782,18634,1650,0,0,104,7230,1448,39848,70043
219,E14001212,East Grinstead and Uckfield,South East,County,124.4,Con,LD,58.47,13.57,23.01,0,0,4.94,0,0,35.45,79.1,33462,7768,13171,0,0,2830,0,0,57231,72356
220,E14001213,East Ham,London,Borough,19.7,Lab,Con,14.57,77.78,3.57,0,0,1.6,1.96,0.53,63.21,66.6,6885,36748,1685,0,0,755,924,250,47247,70902
221,S14000077,East Kilbride and Strathaven,Scotland,County,10.5,SNP,Lab,21.36,21.56,6.88,47.04,0,2.08,0,1.08,25.48,68.8,11042,11142,3556,24311,0,1074,0,559,51684,75161
222,E14001219,Eastbourne,South East,Borough,8,Con,LD,47.09,6.95,42.86,0,0,0,2.75,0.36,4.23,69.9,24137,3560,21969,0,0,0,1408,185,51259,73322
223,E14001220,Eastleigh,South East,Borough,67.9,Con,LD,51.87,11.66,34.43,0,0,2.04,0,0,17.43,70.8,25711,5778,17070,0,0,1013,0,0,49572,69982
224,S14000078,Edinburgh East and Musselburgh,Scotland,Borough,22.7,SNP,Lab,14.07,26.39,6.97,48.97,0,3.6,0,0,22.57,69,7354,13791,3642,25587,0,1879,0,0,52253,75705
225,S14000079,Edinburgh North and Leith,Scotland,Borough,13.3,SNP,Lab,17.61,21.73,12.51,43.79,0,3.26,0.86,0.23,22.06,76.7,10362,12790,7364,25773,0,1920,508,138,58855,76770
226,S14000080,Edinburgh South,Scotland,Borough,6.7,Lab,SNP,16.82,46.22,8.19,25.86,0,2.91,0,0,20.36,74.7,8922,24508,4344,13713,0,1542,0,0,53029,70980
227,S14000081,Edinburgh South West,Scotland,Borough,none,SNP,Con,24.65,14.34,9.54,47.63,0,2.43,1.2,0.22,22.98,71.1,12848,7478,4971,24830,0,1265,625,114,52131,73315
228,S14000082,Edinburgh West,Scotland,Borough,14.7,LD,SNP,18.03,8.7,38.23,32.98,0,1.96,0.09,0,5.25,71.7,9922,4787,21037,18149,0,1079,50,0,55024,76723
229,E14001221,Edmonton and Winchmore Hill,London,Borough,49,Lab,Con,31.11,58.19,6.73,0,0,2.06,1.75,0.16,27.08,64.2,15008,28075,3249,0,0,994,846,75,48247,75204
230,E14001222,Ellesmere Port and Bromborough,North West,Borough,64.9,Lab,Con,27.06,59.3,7.42,0,0,1.9,4.33,0,32.24,63.7,12234,26811,3355,0,0,859,1957,0,45216,71027
231,E14001223,Eltham and Chislehurst,London,Borough,43.9,Con,Lab,46.85,40.11,7.49,0,0,2.97,2.58,0,6.74,68.9,23936,20492,3826,0,0,1516,1317,0,51087,74179
232,E14001224,Ely and East Cambridgeshire,East of England,County,54.2,Con,LD,53.95,14.37,29.26,0,0,0.57,0,1.85,24.69,71.4,29385,7825,15936,0,0,310,0,1009,54465,76279
233,E14001225,Enfield North,London,Borough,20.1,Lab,Con,35.92,53.34,6.53,0,0,2.42,1.79,0,17.42,66.1,18250,27103,3319,0,0,1228,908,0,50808,76824
234,E14001226,Epping Forest,East of England,County,none,Con,Lab,64.38,20.27,10.72,0,0,3.93,0,0.7,44.11,67.4,32364,10191,5387,0,0,1975,0,351,50268,74553
235,E14001227,Epsom and Ewell,South East,Borough,25.7,Con,LD,53.58,16.82,24.21,0,0,3.3,0,2.09,29.37,74.7,30752,9653,13896,0,0,1896,0,1200,57397,76844
236,E14001228,Erewash,East Midlands,County,none,Con,Lab,56.46,34.73,5.09,0,0,2.28,0,1.43,21.73,67.8,27560,16954,2487,0,0,1115,0,698,48814,71986
237,E14001229,Erith and Thamesmead,London,Borough,47.5,Lab,Con,28.21,58.35,4.92,0,0,2.85,5.05,0.63,30.15,56.2,12153,25141,2119,0,0,1226,2174,272,43085,76728
238,E14001230,Esher and Walton,South East,Borough,22,Con,LD,49.52,4.8,44.15,0,0,0.23,0,1.29,5.37,76.7,27819,2698,24804,0,0,132,0,725,56178,73280
239,E14001402,North West Essex,East of England,County,11.9,Con,LD,61.7,13.78,19.68,0,0,4.84,0,0,42.02,72.5,34105,7616,10878,0,0,2678,0,0,55277,76280
240,E14001231,Exeter,South West,Borough,13,Lab,Con,32.08,54.8,0.02,0,0,9.34,2.6,1.17,22.72,67.4,15512,26500,8,0,0,4516,1257,565,48358,71713
241,E14001232,Exmouth and Exeter East,South West,County,40.6,Con,Other,49.84,10.53,3.03,0,0,1.74,0.31,34.56,15.78,74.9,27828,5878,1691,0,0,970,171,19294,55832,74502
242,S14000083,Falkirk,Scotland,County,41.7,SNP,Con,25.93,12.07,6.78,51.75,0,3.1,0.36,0,25.82,64.9,12632,5880,3304,25210,0,1511,176,0,48713,75067
243,E14001233,Fareham and Waterlooville,South East,County,89.9,Con,LD,61.18,15.78,18.94,0,0,4.1,0,0,42.23,65.4,30819,7951,9543,0,0,2065,0,0,50378,77036
244,E14001234,Farnham and Bordon,South East,County,84.5,Con,LD,59.4,6.82,32.85,0,0,0.94,0,0,26.55,70.1,30376,3487,16799,0,0,479,0,0,51141,72938
245,E14001235,Faversham and Mid Kent,South East,County,21.4,Con,Lab,62.61,19.85,12.47,0,0,4.09,0,0.98,42.76,67.2,30187,9569,6011,0,0,1974,0,474,48215,71798
246,E14001236,Feltham and Heston,London,Borough,8.3,Lab,Con,35.79,51.72,6.62,0,0,2.39,3.47,0,15.94,58.3,15705,22698,2907,0,0,1049,1524,0,43883,75226
248,S14000100,North East Fife,Scotland,County,15.7,SNP,LD,13.66,5.48,39.56,40.95,0,0,0.35,0,1.4,74.1,7126,2859,20643,21371,0,0,184,0,52183,70452
249,E14001237,Filton and Bradley Stoke,South West,Borough,34.8,Con,Lab,51,35.77,10.01,0,0,2.72,0,0.5,15.23,70,26263,18421,5153,0,0,1402,0,256,51495,73598
250,E14001238,Finchley and Golders Green,London,Borough,0.8,Con,LD,43.79,24.36,31.83,0,0,0.01,0,0,11.96,73.1,24267,13500,17638,0,0,7,0,0,55412,75761
251,E14001239,Folkestone and Hythe,South East,County,20.9,Con,Lab,56.32,26.76,10,0,0,4.88,0,2.04,29.55,64,25227,11988,4481,0,0,2184,0,915,44795,70023
252,E14001240,Forest of Dean,South West,County,none,Con,Lab,59.6,28.77,0,0,0,9.09,0,2.53,30.83,72,30680,14811,0,0,0,4681,0,1303,51475,71510
254,E14001241,Frome and East Somerset,South West,County,91.7,Con,LD,49.29,21.17,23.45,0,0,6.08,0,0,25.84,68.4,23646,10156,11251,0,0,2917,0,0,47970,70177
255,E14001242,Fylde,North West,County,25.4,Con,Lab,62.23,25.17,7.35,0,0,3.47,0,1.78,37.06,69.2,32329,13075,3816,0,0,1800,0,927,51947,75114
256,E14001243,Gainsborough,East Midlands,County,2.7,Con,Lab,66.3,21.16,10.36,0,0,0,0,2.18,45.14,65.7,32568,10396,5088,0,0,0,0,1070,49122,74750
257,E14001244,Gateshead Central and Whickham,North East,Borough,50.6,Lab,Con,33.02,47.09,12.23,0,0,3.79,3.88,0,14.07,59.2,13876,19787,5138,0,0,1591,1629,0,42021,70994
258,E14001245,Gedling,East Midlands,County,6.9,Con,Lab,47.2,42.75,4.49,0,0,2.19,3.36,0,4.45,71.4,25537,23130,2429,0,0,1184,1820,0,54100,75795
259,E14001246,Gillingham and Rainham,South East,Borough,none,Con,Lab,61.3,28.4,5.45,0,0,2.27,0,2.58,32.9,62.1,28173,13054,2503,0,0,1043,0,1185,45958,73951
260,S14000084,Glasgow East,Scotland,Borough,84.2,SNP,Lab,12.31,33.46,4.1,48.69,0,1.37,0.06,0,15.24,59,5071,13779,1689,20055,0,566,25,0,41185,69748
261,S14000085,Glasgow North,Scotland,Borough,77,SNP,Lab,8.81,34.12,5.19,47.56,0,3.74,0.59,0,13.44,56.7,3658,14172,2156,19754,0,1553,246,0,41539,73210
262,S14000086,Glasgow North East,Scotland,Borough,70.1,SNP,Lab,10.98,37.72,3.4,47.75,0,0.15,0,0,10.02,56.7,4686,16098,1449,20375,0,65,0,0,42673,75236
263,S14000087,Glasgow South,Scotland,Borough,19.6,SNP,Lab,12.69,29.45,6.02,48.3,0,2.61,0.93,0,18.85,68,6161,14298,2922,23449,0,1266,452,0,48548,71344
264,S14000088,Glasgow South West,Scotland,Borough,47.1,SNP,Lab,12.6,33.84,4.4,46.71,0,0.83,1.62,0,12.86,61.1,5423,14561,1892,20094,0,358,695,0,43023,70431
265,S14000089,Glasgow West,Scotland,Borough,25.4,SNP,Lab,15.35,28.01,7.52,48.59,0,0.38,0.16,0,20.58,65.2,7254,13236,3554,22964,0,180,74,0,47262,72499
266,E14001247,Glastonbury and Somerton,South West,County,71.7,Con,LD,57.54,9.58,30.87,0,0,2.01,0,0,26.66,76,30606,5095,16423,0,0,1070,0,0,53194,70015
267,S14000090,Glenrothes and Mid Fife,Scotland,County,39.1,SNP,Lab,15.33,27.36,4.44,49.48,0,0.35,3.04,0,22.12,60.6,6482,11569,1876,20921,0,146,1284,0,42278,69734
268,E14001248,Gloucester,South West,Borough,5.9,Con,Lab,54.58,35.24,7.67,0,0,2.5,0,0,19.34,66.6,27887,18007,3920,0,0,1279,0,0,51093,76695
269,E14001249,Godalming and Ash,South East,County,108.1,Con,LD,53.4,8.92,34.14,0,0,1.62,0,1.92,19.25,78,29728,4964,19008,0,0,903,0,1071,55674,71399
270,E14001250,Goole and Pocklington,Yorkshire and The Humber,County,100.2,Con,Lab,65.11,20.42,7.78,0,0,3.91,0,2.78,44.69,65.4,32492,10190,3882,0,0,1950,0,1387,49901,76337
271,S14000091,Gordon and Buchan,Scotland,County,48.1,Con,SNP,45.96,3.5,11.35,39.19,0,0,0,0,6.77,67.8,21874,1666,5401,18650,0,0,0,0,47591,70238
272,E14001251,Gorton and Denton,North West,Borough,95.1,Lab,Con,18.85,67.24,5.83,0,0,2.52,4.86,0.71,48.39,61.7,8639,30814,2671,0,0,1155,2225,324,45828,74306
273,E14001252,Gosport,South East,Borough,none,Con,Lab,66.51,18.47,11.3,0,0,3.73,0,0,48.04,65.7,32226,8948,5473,0,0,1806,0,0,48453,73763
274,W07000097,Gower,Wales,County,50.4,Lab,Con,39.89,45.75,5.87,0,5.05,0,3.44,0,5.87,70.6,21631,24812,3182,0,2741,2,1863,0,54231,76801
275,E14001253,Grantham and Bourne,East Midlands,County,60.6,Con,Lab,65.82,19.98,9.02,0,0,4.32,0,0.87,45.84,67.8,32152,9759,4407,0,0,2108,0,426,48852,72071
276,E14001254,Gravesham,South East,County,none,Con,Lab,62.2,29.43,5.43,0,0,2.94,0,0,32.76,65.3,29580,13999,2584,0,0,1397,0,0,47560,72866
277,E14001255,Great Grimsby and Cleethorpes,Yorkshire and The Humber,Borough,55.8,Con,Lab,55.62,32.2,4.92,0,0,1.97,4.92,0.37,23.42,54.1,23178,13419,2052,0,0,821,2049,156,41675,77050
278,E14001256,Great Yarmouth,East of England,County,none,Con,Lab,65.79,25.15,3.82,0,0,2.45,0,2.79,40.64,62,28593,10930,1661,0,0,1064,0,1214,43462,70077
279,E14001257,Greenwich and Woolwich,London,Borough,12.6,Lab,Con,22.73,55.01,14.58,0,0,4.6,2.3,0.78,32.28,67.8,10760,26043,6902,0,0,2176,1089,370,47340,69824
280,E14001258,Guildford,South East,County,45.1,Con,LD,45.09,8.39,39.16,0,0,0.37,0,6.99,5.93,73.7,23708,4411,20591,0,0,197,0,3677,52584,71367
281,E14001259,Hackney North and Stoke Newington,London,Borough,34.5,Lab,Con,13.03,69.82,7.74,0,0,8.02,0.95,0.44,56.78,68.1,6694,35856,3973,0,0,4117,489,227,51356,75401
282,E14001260,Hackney South and Shoreditch,London,Borough,27.8,Lab,Con,10.39,73.42,8.16,0,0,6.44,1.36,0.23,63.03,63.6,4968,35109,3900,0,0,3081,648,111,47817,75197
283,E14001261,Halesowen,West Midlands,Borough,55.7,Con,Lab,60.24,32.61,3.49,0,0,2.44,0,1.22,27.63,62.5,26341,14259,1525,0,0,1066,0,533,43724,69907
284,E14001262,Halifax,Yorkshire and The Humber,Borough,4,Lab,Con,41.67,45.65,4.82,0,0,1.98,5.89,0,3.98,64.1,19917,21819,2302,0,0,946,2813,0,47797,74563
285,E14001263,Hamble Valley,South East,County,105.4,Con,LD,62.23,13.57,21.05,0,0,3.15,0,0,41.18,74.2,35497,7739,12009,0,0,1796,0,0,57041,76902
286,S14000092,Hamilton and Clyde Valley,Scotland,County,77.9,SNP,Lab,25.47,27.09,3.83,43.45,0,0.17,0,0,16.36,63.6,12076,12846,1816,20604,0,79,0,0,47421,74577
287,E14001264,Hammersmith and Chiswick,London,Borough,65.3,Lab,Con,30.46,50.77,13.87,0,0,3.06,1.83,0,20.31,71.3,16228,27051,7390,0,0,1632,976,0,53277,74746
288,E14001214,East Hampshire,South East,County,58.9,Con,LD,59,12.3,21.72,0,0,5.48,0,1.5,37.29,77.4,31965,6662,11765,0,0,2971,0,812,54175,69959
289,E14001392,North East Hampshire,South East,County,21.9,Con,LD,61.91,10.24,22.37,0,0,3,0,2.48,39.54,77.4,35124,5808,12691,0,0,1700,0,1407,56730,73306
290,E14001403,North West Hampshire,South East,County,30.7,Con,LD,60.08,16.89,18.46,0,0,4.57,0,0,41.61,68,31051,8730,9544,0,0,2362,0,0,51687,76004
291,E14001265,Hampstead and Highgate,London,Borough,69.3,Lab,LD,23.17,47.64,24.29,0,0,3.65,1.25,0,23.35,77.3,13296,27338,13938,0,0,2096,719,0,57387,74222
292,E14001266,"Harborough, Oadby and Wigston",East Midlands,County,8,Con,Lab,54.46,24.78,16.95,0,0,3.08,0,0.74,29.68,70.3,28636,13028,8911,0,0,1621,0,389,52585,74810
293,E14001267,Harlow,East of England,County,7.7,Con,Lab,64.55,29.31,5.88,0,0,0.26,0,0,35.25,64.5,30573,13879,2783,0,0,125,0,0,47360,73479
294,E14001268,Harpenden and Berkhamsted,East of England,County,99.2,Con,LD,52.27,10.6,25.28,0,0,1.63,0,10.22,26.99,77.8,29136,5908,14092,0,0,907,0,5695,55738,71635
295,E14001269,Harrogate and Knaresborough,Yorkshire and The Humber,County,6.2,Con,LD,51.98,9.63,36.16,0,0,0.05,0,2.17,15.82,73.3,28873,5349,20086,0,0,27,0,1208,55543,75800
296,E14001270,Harrow East,London,Borough,23.8,Con,Lab,54.61,37.42,7.52,0,0,0.26,0.19,0,17.19,68.5,28555,19568,3930,0,0,136,98,0,52287,76299
297,E14001271,Harrow West,London,Borough,14.8,Lab,Con,34.82,53.09,8.25,0,0,2.06,1.77,0,18.27,67.2,17339,26437,4107,0,0,1028,882,0,49793,74060
298,E14001272,Hartlepool,North East,County,none,Lab,Con,28.92,37.68,4.13,0,0,0,25.84,3.42,8.76,57.6,11869,15464,1696,0,0,0,10603,1405,41037,71228
299,E14001273,Harwich and North Essex,East of England,County,17.4,Con,Lab,58.55,25.92,10.73,0,0,3.56,0,1.25,32.64,72.3,31668,14017,5801,0,0,1924,0,674,54084,74838
300,E14001274,Hastings and Rye,South East,County,7.7,Con,Lab,49.09,42.37,7.4,0,0,0.06,0,1.07,6.72,69.5,25804,22272,3892,0,0,33,0,565,52566,75581
301,E14001275,Havant,South East,Borough,none,Con,Lab,65.39,17.97,12.42,0,0,3.47,0,0.75,47.42,63.2,30051,8259,5708,0,0,1597,0,344,45959,72766
302,E14001276,Hayes and Harlington,London,Borough,none,Lab,Con,34.74,55.79,4.43,0,0,1.68,2.94,0.43,21.05,60.4,15284,24545,1947,0,0,739,1292,187,43994,72897
303,E14001277,Hazel Grove,North West,County,16.7,Con,LD,45.59,16.27,37.22,0,0,0.31,0.61,0,8.36,69.2,22994,8208,18775,0,0,154,310,0,50441,72941
304,E14001278,Hemel Hempstead,East of England,County,23.1,Con,Lab,54.95,28.13,11.35,0,0,2.92,0,2.65,26.82,69.6,26963,13802,5569,0,0,1432,0,1299,49065,70496
305,E14001279,Hendon,London,Borough,20.4,Con,Lab,48.91,40.88,8.57,0,0,1.64,0,0,8.03,63.8,22299,18638,3909,0,0,747,0,0,45593,71496
306,E14001280,Henley and Thame,South East,County,8.5,Con,LD,54.48,8.93,32.38,0,0,4.21,0,0,22.1,76.2,29333,4809,17432,0,0,2268,0,0,53842,70626
307,E14001281,Hereford and South Herefordshire,West Midlands,Borough,2.2,Con,Lab,61.68,19.92,13.3,0,0,5.09,0,0,41.76,65,28539,9218,6154,0,0,2355,0,0,46266,71125
308,E14001395,North Herefordshire,West Midlands,Borough,2.2,Con,Lab,62.5,15.24,13.47,0,0,8.79,0,0,47.27,76.8,34009,8290,7329,0,0,4785,0,0,54413,70894
309,E14001282,Herne Bay and Sandwich,South East,County,38.6,Con,Lab,64.38,24.4,7.45,0,0,3.77,0,0,39.97,67,32807,12435,3799,0,0,1921,0,0,50962,76028
310,E14001283,Hertford and Stortford,East of England,County,8.3,Con,Lab,55.68,23.68,14.21,0,0,4.65,0,1.78,32.01,73.8,30979,13173,7907,0,0,2587,0,989,55635,75396
311,E14001393,North East Hertfordshire,East of England,County,none,Con,Lab,56.56,23.68,15.48,0,0,4.28,0,0,32.88,72,31293,13104,8563,0,0,2367,0,0,55327,76849
312,E14001496,South West Hertfordshire,East of England,County,76.4,Con,Other,52.18,16.08,12.7,0,0,1.5,0,17.54,34.64,71.1,26548,8182,6460,0,0,763,0,8925,50878,71552
313,E14001284,Hertsmere,East of England,County,14,Con,Lab,64.9,21.14,10.88,0,0,3.07,0,0,43.76,71.7,34083,11103,5713,0,0,1614,0,0,52513,73256
314,E14001285,Hexham,North East,County,18.5,Con,Lab,54.34,31.75,9.41,0,0,3.62,0.88,0,22.59,74.2,29313,17127,5078,0,0,1954,473,0,53945,72738
315,E14001286,Heywood and Middleton North,North West,County,29.6,Lab,Con,41.47,43.07,4.21,0,0,2.82,8.44,0,1.6,57.9,17601,18281,1787,0,0,1196,3581,0,42446,73306
316,E14001287,High Peak,East Midlands,County,none,Con,Lab,45.86,44.77,5.08,0,0,2.12,2.17,0,1.09,73.2,24844,24254,2750,0,0,1148,1177,0,54173,73960
317,E14001288,Hinckley and Bosworth,East Midlands,County,18,Con,LD,64.64,14.22,18.19,0,0,2.94,0,0,46.45,65,31800,6997,8949,0,0,1446,0,0,49192,75683
318,E14001289,Hitchin,East of England,County,88.5,Con,Lab,47.02,26.18,23.67,0,0,1.51,0,1.61,20.84,75,25419,14155,12798,0,0,818,0,871,54061,72112
319,E14001290,Holborn and St Pancras,London,Borough,17.2,Lab,Con,15.19,66.25,12.28,0,0,4.02,1.88,0.39,51.07,59.1,6771,29537,5473,0,0,1790,836,175,44582,75475
320,E14001291,Honiton and Sidmouth,South West,County,65.7,Con,Lab,60.39,14.22,9.56,0,0,2.07,0,13.76,46.17,76.4,34307,8078,5432,0,0,1174,0,7818,56809,74365
321,E14001292,Hornchurch and Upminster,London,Borough,4.9,Con,Lab,65.43,22.86,7.12,0,0,3.6,0,1,42.57,66.4,33404,11669,3634,0,0,1836,0,510,51053,76938
322,E14001293,Hornsey and Friern Barnet,London,Borough,63.2,Lab,LD,11.8,57.25,25.64,0,0,3.77,0.94,0.59,31.61,74.4,6200,30077,13470,0,0,1983,494,311,52535,70565
323,E14001294,Horsham,South East,County,21.7,Con,LD,55.78,15.64,24.71,0,0,3.01,0,0.85,31.07,72.6,31155,8736,13802,0,0,1680,0,477,55850,76981
324,E14001295,Houghton and Sunderland South,North East,County,11.5,Lab,Con,32.94,40.4,5.94,0,0,2.7,15.74,2.28,7.47,57,14425,17696,2602,0,0,1183,6895,997,43798,76883
325,E14001296,Hove and Portslade,South East,Borough,none,Lab,Con,28.08,58.3,6.62,0,0,4.43,1.97,0.61,30.22,76.5,15832,32876,3731,0,0,2496,1111,345,56391,73726
326,E14001297,Huddersfield,Yorkshire and The Humber,Borough,24.6,Lab,Con,36.36,51.43,4.96,0,0,3.82,3.44,0,15.07,64.9,17945,25386,2449,0,0,1884,1696,0,49360,76044
327,E14001313,Kingston upon Hull East,Yorkshire and The Humber,Borough,18.8,Lab,Con,34.28,41.63,4.96,0,0,2.31,16.82,0,7.35,46.8,11639,14134,1685,0,0,785,5710,0,33953,72622
328,E14001314,Kingston upon Hull North and Cottingham,Yorkshire and The Humber,Borough,47.3,Lab,Con,33.46,46.64,6.49,0,0,2.61,10.81,0,13.18,59.1,15037,20959,2915,0,0,1173,4857,0,44941,76039
329,E14001315,Kingston upon Hull West and Haltemprice,Yorkshire and The Humber,Borough,39.5,Con,Lab,42.48,33.77,9.22,0,0,1.06,13.47,0,8.71,56,17686,14060,3837,0,0,442,5606,0,41631,74321
330,E14001298,Huntingdon,East of England,County,65.5,Con,Lab,59.22,20.79,14.03,0,0,3.47,0,2.5,38.43,74.5,33352,11707,7899,0,0,1952,0,1407,56317,75590
331,E14001299,Hyndburn,North West,County,none,Con,Lab,48.5,41.54,2.89,0,0,1.99,5.08,0,6.96,59.6,20565,17614,1226,0,0,845,2156,0,42406,71145
332,E14001300,Ilford North,London,Borough,46,Lab,Con,36.7,54.14,3.97,0,0,1.37,1.87,1.95,17.45,69.3,18994,28024,2056,0,0,709,968,1010,51761,74684
333,E14001301,Ilford South,London,Borough,29.4,Lab,Con,21.22,65.23,3.33,0,0,1.34,2.23,6.65,44.02,62.6,9837,30246,1546,0,0,623,1034,3082,46368,74065
334,S14000093,Inverclyde and Renfrewshire West,Scotland,County,15.3,SNP,Lab,17.88,28.2,6.44,47.48,0,0,0,0,19.28,65.8,8284,13062,2982,21995,0,0,0,0,46323,70418
335,S14000094,"Inverness, Skye and West Ross-shire",Scotland,County,63.7,SNP,Con,23.34,9.39,15.12,48.67,0,1.43,2.05,0,25.33,66,11852,4771,7677,24717,0,724,1042,0,50783,76903
336,E14001302,Ipswich,East of England,Borough,none,Con,Lab,50.33,39.28,4.92,0,0,2.59,2.89,0,11.05,66,24952,19473,2439,0,0,1283,1432,0,49579,75117
337,E14001303,Isle of Wight East,South East,County,50.8,Con,Lab,57.42,24.07,0,0,0,14.02,0,4.49,33.35,64,20866,8747,0,0,0,5093,0,1633,36339,56805
338,E14001304,Isle of Wight West,South East,County,49.2,Con,Lab,54.98,24.49,0,0,0,16.39,0,4.14,30.49,69.4,20949,9331,0,0,0,6245,0,1578,38103,54911
339,E14001305,Islington North,London,Borough,none,Lab,LD,10.19,64.31,15.64,0,0,8.04,1.38,0.44,48.67,72.7,5483,34603,8415,0,0,4326,742,236,53805,73970
340,E14001306,Islington South and Finsbury,London,Borough,9.3,Lab,LD,16.34,57.01,19.7,0,0,4.32,2.29,0.35,37.32,68.7,8518,29728,10270,0,0,2252,1193,182,52143,75905
341,E14001307,Jarrow and Gateshead East,North East,Borough,30.2,Lab,Con,23.7,49.17,6.54,0,0,2.49,9.49,8.61,25.47,57,9600,19917,2649,0,0,1009,3843,3488,40506,71106
342,E14001308,Keighley and Ilkley,Yorkshire and The Humber,County,none,Con,Lab,48.1,43.88,4.89,0,0,0,1.62,1.52,4.22,72.1,25298,23080,2573,0,0,0,850,799,52600,72954
343,E14001309,Kenilworth and Southam,West Midlands,Borough,16.9,Con,Lab,58.96,18.98,16.9,0,0,4.18,0.15,0.82,39.98,78.1,32890,10587,9425,0,0,2334,86,457,55779,71451
344,E14001310,Kensington and Bayswater,London,Borough,25.8,Lab,Con,38.32,39.03,20.16,0,0,1.4,0.83,0.26,0.71,72.1,21004,21394,11048,0,0,769,453,145,54813,75980
345,E14001311,Kettering,East Midlands,County,4.7,Con,Lab,60.28,26.92,6.68,0,0,2.97,0,3.16,33.37,68.3,31369,14006,3477,0,0,1543,0,1642,52037,76163
346,S14000040,Kilmarnock and Loudoun,Scotland,County,none,SNP,Con,24.26,18.91,5.13,50.84,0,0,0,0.85,26.58,63.7,11557,9009,2444,24216,0,0,0,405,47631,74801
347,E14001312,Kingston and Surbiton,London,Borough,24.4,LD,Con,33.07,10.21,52.65,0,0,1.58,1.14,1.36,19.57,75.7,18884,5829,30058,0,0,900,649,775,57095,75410
348,E14001316,Kingswinford and South Staffordshire,West Midlands,Borough,84.5,Con,Lab,74.33,16.82,5.32,0,0,3.53,0,0,57.51,71,37942,8587,2715,0,0,1803,0,0,51047,71896
349,E14001317,Knowsley,North West,Borough,21.8,Lab,Con,8.75,79.62,2.51,0,0,1.97,6.28,0.87,70.88,65.2,4060,36961,1165,0,0,915,2913,405,46419,71228
351,E14001577,West Lancashire,North West,County,none,Lab,Con,36.31,52.14,4.86,0,0,2.37,4.32,0,15.83,71.5,19122,27458,2560,0,0,1248,2275,0,52663,73652
352,E14001318,Lancaster and Wyre,North West,County,73.9,Con,Lab,47.96,41.86,3.94,0,0,4.44,1.8,0,6.1,65.8,23683,20671,1946,0,0,2192,890,0,49382,74992
353,E14001319,Leeds Central and Headingley,Yorkshire and The Humber,Borough,112.8,Lab,Con,17.9,63.43,11.19,0,0,3.45,4.02,0,45.53,57.9,7817,27696,4884,0,0,1508,1757,0,43662,75396
354,E14001320,Leeds East,Yorkshire and The Humber,County,37.7,Lab,Con,40.84,46.97,3.66,0,0,2.13,5.85,0.55,6.13,59,18156,20879,1626,0,0,946,2601,243,44451,75330
355,E14001321,Leeds North East,Yorkshire and The Humber,Borough,0,Lab,Con,23.63,57.47,11.22,0,0,3.82,3.5,0.35,33.84,71.2,11935,29024,5665,0,0,1931,1769,176,50500,70976
356,E14001322,Leeds North West,Yorkshire and The Humber,County,96.6,Con,Lab,41.87,38.28,14.75,0,0,2.27,1.31,1.52,3.59,77.7,23311,21310,8212,0,0,1266,729,844,55672,71607
357,E14001323,Leeds South,Yorkshire and The Humber,Borough,38.3,Lab,Con,26.31,58.41,4.44,0,0,3.78,6.41,0.65,32.11,57.9,11377,25263,1922,0,0,1635,2771,281,43249,74726
358,E14001324,Leeds South West and Morley,Yorkshire and The Humber,Borough,55.5,Con,Lab,53.13,36.81,2.77,0,0,3.3,1.79,2.19,16.32,61.1,23166,16052,1207,0,0,1440,780,957,43602,71376
359,E14001325,Leeds West and Pudsey,Yorkshire and The Humber,Borough,95.9,Lab,Con,42.23,48.41,3.64,0,0,1.43,2.77,1.52,6.18,68.3,20257,23220,1747,0,0,687,1330,727,47968,70270
360,E14001326,Leicester East,East Midlands,Borough,2.9,Lab,Con,38.48,50.92,5.63,0,0,1.78,2.51,0.68,12.44,63.1,18564,24563,2716,0,0,858,1210,329,48240,76465
361,E14001327,Leicester South,East Midlands,Borough,13.7,Lab,Con,21.83,68.19,4.32,0,0,3.34,2.32,0,46.36,66.9,10373,32396,2054,0,0,1585,1100,0,47508,71007
362,E14001328,Leicester West,East Midlands,Borough,12.8,Lab,Con,36.65,49.3,6.72,0,0,2.83,4.51,0,12.65,53,14145,19027,2592,0,0,1091,1740,0,38595,72848
363,E14001364,Mid Leicestershire,East Midlands,County,60.2,Con,Lab,62.22,25.65,8,0,0,4.13,0,0,36.58,72.5,34343,14155,4417,0,0,2278,0,0,55193,76173
364,E14001404,North West Leicestershire,East Midlands,County,5.3,Con,Lab,62.07,25.41,6.85,0,0,4.68,0,1,36.66,67.1,31402,12854,3465,0,0,2366,0,507,50594,75373
365,E14001488,South Leicestershire,East Midlands,County,21.8,Con,Lab,66.54,19.93,9.57,0,0,3.97,0,0,46.61,72.4,36452,10918,5243,0,0,2173,0,0,54786,75634
366,E14001329,Leigh and Atherton,North West,Borough,29.7,Con,Lab,43.83,43.17,4.59,0,0,0.35,5.81,2.26,0.66,58,19410,19117,2031,0,0,154,2572,999,44283,76363
367,E14001330,Lewes,South East,County,27.6,Con,LD,48.54,7.07,41.11,0,0,2.86,0.22,0.2,7.42,74,26977,3930,22851,0,0,1587,122,113,55580,75091
368,E14001331,Lewisham East,London,Borough,29.1,Lab,Con,20,62.66,10.11,0,0,3.53,2.59,1.11,42.66,65.3,9365,29344,4736,0,0,1653,1212,522,46832,71706
369,E14001332,Lewisham North,London,Borough,31,Lab,Con,12.21,69.43,11.11,0,0,5.25,1.6,0.4,57.23,68.8,6175,35124,5620,0,0,2656,810,201,50586,73504
370,E14001333,Lewisham West and East Dulwich,London,Borough,101.7,Lab,Con,14.52,66.05,9.88,0,0,7.29,1.8,0.46,51.54,66.1,6711,30534,4568,0,0,3368,832,213,46226,69904
371,E14001334,Leyton and Wanstead,London,Borough,9.6,Lab,Con,19.85,63.08,10.66,0,0,3.82,1.71,0.87,43.22,68.5,9702,30823,5209,0,0,1868,836,427,48865,71330
372,E14001335,Lichfield,West Midlands,Borough,3.5,Con,Lab,64.12,21.02,10.54,0,0,3.24,0,1.08,43.09,71,33638,11029,5528,0,0,1702,0,568,52465,73844
373,E14001336,Lincoln,East Midlands,Borough,none,Con,Lab,47.93,40.99,4.78,0,0,2.36,2.13,1.8,6.94,68.3,24267,20753,2422,0,0,1195,1079,913,50629,74128
374,E14001337,Liverpool Garston,North West,Borough,35.9,Lab,Con,11.67,70.18,9.89,0,0,2.67,4.89,0.7,58.51,69.8,5729,34457,4854,0,0,1310,2402,344,49096,70372
375,E14001338,Liverpool Riverside,North West,Borough,61.6,Lab,Con,7.77,85.1,2.21,0,0,2.35,2.57,0,77.33,60.5,3297,36097,936,0,0,997,1089,0,42416,70157
376,E14001339,Liverpool Walton,North West,Borough,76,Lab,Con,9.9,82.35,2.27,0,0,1.82,2.23,1.42,72.46,65.4,4607,38336,1059,0,0,849,1040,660,46551,71181
377,E14001340,Liverpool Wavertree,North West,Borough,81.1,Lab,Con,9.57,71.6,8.01,0,0,6.15,3.69,0.97,62.03,72.4,4926,36852,4123,0,0,3167,1897,501,51466,71076
378,E14001341,Liverpool West Derby,North West,Borough,75.2,Lab,Con,8.61,77.89,2.72,0,0,1.95,4.92,3.91,69.29,66,4015,36336,1270,0,0,908,2293,1826,46648,70730
379,S14000095,Livingston,Scotland,County,9.7,SNP,Lab,21.93,22.03,6.2,47.26,0,2.58,0,0,25.22,65.3,10800,10851,3056,23275,0,1272,0,0,49254,75454
380,W07000098,Llanelli,Wales,County,15,Lab,Con,30.67,39.31,0,0,21.14,0,8.87,0,8.64,62.8,13463,17256,0,0,9280,0,3893,0,43892,69895
382,S14000096,Lothian East,Scotland,County,13.6,SNP,Lab,27.48,30.45,6.29,34.8,0,0,0,0.97,4.35,71.2,13956,15464,3193,17671,0,0,0,493,50777,71287
383,E14001342,Loughborough,East Midlands,County,7.7,Con,Lab,50.56,38.76,7.63,0,0,2.6,0,0.46,11.8,69.8,26088,19997,3935,0,0,1342,0,235,51597,73902
384,E14001343,Louth and Horncastle,East Midlands,County,10.7,Con,Lab,72.45,17.71,7.79,0,0,0,0,2.05,54.74,67.1,36903,9020,3966,0,0,0,0,1044,50933,75959
385,E14001344,Lowestoft,East of England,County,8.8,Con,Lab,60.92,28.2,5.14,0,0,5.2,0,0.54,32.72,61.4,27648,12798,2333,0,0,2362,0,245,45386,73967
386,E14001345,Luton North,East of England,Borough,7.6,Lab,Con,34.26,53.86,4.63,0,0,1.87,2.96,2.44,19.6,60.9,15275,24015,2063,0,0,832,1319,1086,44590,73266
387,E14001346,Luton South and South Bedfordshire,East of England,County,16,Lab,Con,35.2,48.65,0.5,0,0,2.66,3.32,9.67,13.45,64.2,15876,21942,225,0,0,1201,1497,4359,45100,70197
388,E14001347,Macclesfield,North West,County,none,Con,Lab,52.52,32.64,10.55,0,0,4.29,0,0,19.88,71,28292,17581,5684,0,0,2310,0,0,53867,75881
389,E14001348,Maidenhead,South East,County,46.8,Con,LD,57.4,15.03,23.81,0,0,3.77,0,0,33.59,69.3,29223,7652,12122,0,0,1917,0,0,50914,73463
390,E14001349,Maidstone and Malling,South East,County,66.7,Con,LD,58.4,18.39,18.64,0,0,3.84,0,0.73,39.77,66.9,28562,8993,9114,0,0,1880,0,358,48907,73084
391,E14001350,Makerfield,North West,Borough,2.8,Lab,Con,34.29,45.27,4.79,0,0,2.58,13.08,0,10.98,59,15477,20432,2161,0,0,1166,5902,0,45138,76517
392,E14001351,Maldon,East of England,County,6,Con,Lab,72.23,12.64,11.68,0,0,3.45,0,0,59.59,69.9,38791,6790,6272,0,0,1851,0,0,53704,76794
393,E14001352,Manchester Central,North West,Borough,78.7,Lab,Con,21,65.39,6.05,0,0,2.86,4.43,0.26,44.39,53.8,8500,26470,2449,0,0,1159,1795,107,40480,75311
394,E14001353,Manchester Rusholme,North West,Borough,98.2,Lab,Con,9.1,78.59,4.02,0,0,4.26,4.04,0,69.49,56.8,3653,31554,1612,0,0,1709,1621,0,40149,70692
395,E14001354,Manchester Withington,North West,Borough,16.5,Lab,LD,11.26,66.47,15.67,0,0,4.05,2.55,0,50.8,69.5,5607,33100,7803,0,0,2015,1269,0,49794,71614
396,E14001355,Mansfield,East Midlands,County,3.5,Con,Lab,64.34,30.31,3.29,0,0,0,0,2.06,34.03,63.9,30718,14471,1571,0,0,0,0,985,47745,74680
397,E14001356,Melksham and Devizes,South West,County,99.4,Con,LD,57.79,11.99,27.26,0,0,2.96,0,0,30.54,77.6,32227,6686,15199,0,0,1652,0,0,55764,71823
398,E14001357,Melton and Syston,East Midlands,County,91.5,Con,Lab,63.26,23.49,7.71,0,0,5.54,0,0,39.76,66.7,30232,11228,3685,0,0,2647,0,0,47792,71615
399,E14001358,Meriden and Solihull East,West Midlands,Borough,56.8,Con,Lab,62.4,20.85,13.56,0,0,3.2,0,0,41.56,64.8,30438,10168,6613,0,0,1559,0,0,48778,75309
400,W07000099,Merthyr Tydfil and Aberdare,Wales,County,72.9,Lab,Con,20.61,51.71,3.33,0,8.15,0,10.72,5.48,31.11,57.6,8882,22292,1434,0,3513,0,4621,2364,43106,74805
401,E14001367,Middlesbrough and Thornaby East,North East,Borough,28.1,Lab,Con,24.34,53.98,2.64,0,0,1.47,6.18,11.39,29.64,52.4,9149,20290,991,0,0,553,2324,4282,37589,71742
402,E14001368,Middlesbrough South and East Cleveland,North East,County,14.1,Con,Lab,57.86,34.98,4.05,0,0,2.23,0.28,0.59,22.87,64.3,26050,15751,1823,0,0,1005,128,266,45023,69967
403,S14000045,Midlothian,Scotland,County,none,SNP,Lab,21.71,29.71,7.04,41.54,0,0,0,0,11.83,67.7,10467,14328,3393,20033,0,0,0,0,48221,71210
404,E14001369,Milton Keynes Central,South East,Borough,92.3,Con,Lab,47.55,38.14,10.43,0,0,2.46,0,1.42,9.41,68.6,25035,20083,5489,0,0,1297,0,746,52650,76708
405,E14001370,Milton Keynes North,South East,County,52.5,Con,Lab,51.64,38.53,6.72,0,0,3.1,0,0,13.1,68.4,24933,18606,3246,0,0,1499,0,0,48284,70620
406,E14001371,Mitcham and Morden,London,Borough,9.8,Lab,Con,26.71,57.47,10.83,0,0,2.25,2.33,0.42,30.75,67.2,13792,29671,5592,0,0,1160,1202,216,51633,76877
407,W07000101,Monmouthshire,Wales,County,32,Con,Lab,52.14,31.64,9.59,0,2.43,2.52,0.85,0.82,20.5,72.7,27568,16731,5071,0,1283,1333,451,435,52872,72681
408,W07000102,Montgomeryshire and Glyndwr,Wales,County,51.2,Con,Lab,53.64,24.8,16.78,0,1.99,0,1.37,1.42,28.83,69,27466,12701,8595,0,1019,0,700,727,51208,74223
409,S14000098,"Moray West, Nairn and Strathspey",Scotland,County,58.5,SNP,Con,40.94,4.63,5.88,46.1,0,1.15,0.57,0.73,5.16,73.8,23035,2606,3307,25941,0,649,321,413,56272,76237
410,E14001372,Morecambe and Lunesdale,North West,County,42.3,Con,Lab,53.61,28.11,15.61,0,0,1.27,0.42,0.98,25.49,73.2,29834,15646,8689,0,0,704,231,548,55652,76040
411,S14000099,"Motherwell, Wishaw and Carluke",Scotland,County,46.7,SNP,Lab,21.23,27.48,3.96,45.94,0,0,0,1.38,18.46,62.1,9537,12344,1781,20638,0,0,0,619,44919,72318
412,S14000027,Na h-Eileanan an Iar,Scotland,County,none,SNP,Lab,22.21,28.27,4.4,45.11,0,0,0,0,16.84,68.4,3216,4093,637,6531,0,0,0,0,14477,21177
413,W07000103,Neath and Swansea East,Wales,County,95.7,Lab,Con,28.22,47.08,4.13,0,8.52,1.73,8.85,1.47,18.85,60,12651,21102,1849,0,3820,776,3965,661,44824,74705
414,E14001373,New Forest East,South East,County,none,Con,Lab,64.52,14.8,14.55,0,0,4.79,0,1.33,49.72,68.8,32769,7518,7390,0,0,2434,0,675,50786,73823
415,E14001374,New Forest West,South East,County,none,Con,LD,63.84,13.11,15.33,0,0,7.73,0,0,48.51,70.8,32113,6595,7710,0,0,3888,0,0,50306,71009
416,E14001375,Newark,East Midlands,County,13.5,Con,Lab,63.07,23.9,9.57,0,0,3.11,0.35,0,39.17,72.4,34935,13238,5298,0,0,1723,193,0,55387,76478
417,E14001376,Newbury,South East,County,14.4,Con,LD,55.08,7.71,32.6,0,0,3.98,0,0.64,22.48,71.2,28075,3929,16615,0,0,2027,0,325,50971,71631
419,E14001377,Newcastle upon Tyne Central and West,North East,Borough,74.7,Lab,Con,26.57,59.25,2.97,0,0,3.04,8.17,0,32.68,63,12789,28520,1430,0,0,1462,3934,0,48135,76460
420,E14001378,Newcastle upon Tyne East and Wallsend,North East,Borough,82.8,Lab,Con,23.65,59.26,8.33,0,0,3.85,4.91,0,35.61,65,11817,29610,4161,0,0,1923,2452,0,49963,76875
421,E14001379,Newcastle upon Tyne North,North East,Borough,125.2,Lab,Con,31.78,44.38,14.03,0,0,4.05,5.76,0,12.6,70.8,17207,24030,7595,0,0,2193,3118,0,54143,76503
418,E14001380,Newcastle-under-Lyme,West Midlands,Borough,5.1,Con,Lab,52.8,35.35,5.64,0,0,2.16,4.06,0,17.45,67.6,25008,16743,2670,0,0,1021,1921,0,47363,70025
422,W07000104,Newport East,Wales,Borough,75,Lab,Con,36.2,47.49,5.71,0,2.59,1.88,6.13,0,11.29,60.9,16799,22038,2651,0,1203,871,2843,0,46405,76159
423,W07000105,Newport West and Islwyn,Wales,County,93.7,Lab,Con,37.67,41.79,5.1,0,4.62,1.95,8.86,0,4.12,63.7,18285,20286,2474,0,2244,947,4301,0,48537,76234
425,E14001381,Newton Abbot,South West,County,0.2,Con,LD,55.56,17.72,22.25,0,0,2.87,0,1.6,33.31,71.8,29117,9287,11661,0,0,1505,0,840,52410,72956
426,E14001382,Newton Aycliffe and Spennymoor,North East,County,73.8,Con,Lab,46.14,38.29,5.4,0,0,1.48,7.78,0.91,7.86,60.8,20014,16606,2340,0,0,644,3374,394,43372,71299
427,E14001365,Mid Norfolk,East of England,County,23.4,Con,Lab,64.42,22.91,10.44,0,0,0.31,0,1.91,41.51,69.1,31639,11251,5127,0,0,154,0,939,49110,71060
428,E14001396,North Norfolk,East of England,County,1.5,Con,LD,58.46,7.72,30.36,0,0,0.09,3.37,0,28.11,72.9,30145,3980,15653,0,0,45,1739,0,51562,70719
429,E14001405,North West Norfolk,East of England,County,6.1,Con,Lab,66.04,22.64,7.78,0,0,3.54,0,0,43.4,64.6,32075,10998,3779,0,0,1717,0,0,48569,75200
430,E14001489,South Norfolk,East of England,County,50.4,Con,Lab,56.5,23.38,16.97,0,0,3.16,0,0,33.12,74.3,29298,12123,8799,0,0,1637,0,0,51857,69837
431,E14001497,South West Norfolk,East of England,County,12.3,Con,Lab,68.65,18.33,8.25,0,0,3.02,0,1.74,50.32,66.3,32988,8808,3965,0,0,1452,0,836,48049,72496
432,E14001383,Normanton and Hemsworth,Yorkshire and The Humber,County,29.9,Lab,Con,31.43,39.55,4.22,0,0,1.8,15.24,7.75,8.12,57.5,13632,17152,1831,0,0,782,6609,3361,43367,75388
434,E14001406,Northampton North,East Midlands,Borough,34.1,Con,Lab,49.77,42.08,5.69,0,0,2.46,0,0,7.7,67.5,25427,21495,2906,0,0,1256,0,0,51084,75713
435,E14001407,Northampton South,East Midlands,Borough,73.2,Con,Lab,57.76,30.9,7.92,0,0,3.42,0,0,26.86,69.4,28652,15328,3931,0,0,1697,0,0,49608,71512
436,E14001490,South Northamptonshire,East Midlands,County,43.6,Con,Lab,63.18,20.78,11.11,0,0,3.8,0,1.14,42.4,72.9,35270,11599,6205,0,0,2119,0,634,55827,76555
437,E14001397,North Northumberland,North East,County,30.9,Con,Lab,55.93,23.12,16.09,0,0,3.4,1.47,0,32.81,72.7,29497,12191,8484,0,0,1793,775,0,52740,72541
438,E14001408,Norwich North,East of England,Borough,7.8,Con,Lab,51.56,38.93,6.23,0,0,2.27,0.04,0.97,12.62,70.6,25997,19632,3141,0,0,1144,21,488,50423,71441
439,E14001409,Norwich South,East of England,Borough,2.4,Lab,Con,29,53.53,9.45,0,0,4.83,3.19,0,24.52,70,14881,27464,4851,0,0,2477,1635,0,51308,73301
440,E14001410,Nottingham East,East Midlands,Borough,13.7,Lab,Con,20.84,63.11,6.3,0,0,3.11,3.41,3.23,42.28,59.5,9336,28278,2824,0,0,1394,1527,1447,44806,75327
441,E14001411,Nottingham North and Kimberley,East Midlands,Borough,47.1,Lab,Con,40.22,46,3.75,0,0,2.48,5.63,1.91,5.79,57.8,17309,19799,1615,0,0,1068,2424,822,43037,74515
442,E14001412,Nottingham South,East Midlands,Borough,34.5,Lab,Con,31.56,53.81,6.72,0,0,3.29,4.63,0,22.25,59.3,14240,24281,3032,0,0,1483,2090,0,45126,76076
443,E14001413,Nuneaton,West Midlands,Borough,none,Con,Lab,60.61,31.52,4.12,0,0,3.74,0,0,29.09,64.2,27390,14246,1862,0,0,1692,0,0,45190,70335
444,E14001414,Old Bexley and Sidcup,London,Borough,11.9,Con,Lab,63.93,23.89,8.3,0,0,3.45,0,0.44,40.04,69.8,33158,12389,4303,0,0,1791,0,226,51867,74317
445,E14001415,Oldham East and Saddleworth,North West,County,none,Lab,Con,40.27,43.51,5.25,0,0,1.69,6.46,2.83,3.25,63.2,18589,20088,2423,0,0,778,2980,1306,46164,72997
446,E14001416,"Oldham West, Chadderton and Royton",North West,Borough,none,Lab,Con,30.27,55.32,3.34,0,0,1.53,7.46,2.07,25.04,59.9,13452,24579,1484,0,0,681,3316,922,44434,74183
447,S14000051,Orkney and Shetland,Scotland,County,none,LD,SNP,9.87,6.69,44.82,34,0,0,3.89,0.73,10.82,66.5,2287,1550,10381,7874,0,0,900,168,23160,34824
448,E14001417,Orpington,London,Borough,31.2,Con,Lab,61.91,19.77,14.59,0,0,3.73,0,0,42.13,68.4,30308,9681,7145,0,0,1824,0,0,48958,71571
449,E14001418,Ossett and Denby Dale,Yorkshire and The Humber,County,92.5,Con,Lab,53.85,31.17,4.94,0,0,1.24,5.11,3.69,22.69,67.9,26177,15150,2400,0,0,602,2484,1795,48608,71595
450,E14001419,Oxford East,South East,Borough,8.6,Lab,Con,21.45,56.45,14.02,0,0,4.7,2.3,1.09,35,63,9779,25738,6391,0,0,2143,1048,499,45598,72371
451,E14001420,Oxford West and Abingdon,South East,County,31.1,LD,Con,34.09,11.8,52.19,0,0,0.47,1.45,0,18.1,73.5,18039,6242,27616,0,0,249,769,0,52915,72004
452,S14000101,Paisley and Renfrewshire North,Scotland,Borough,44.2,SNP,Lab,19.53,23.74,7.57,48.86,0,0,0.31,0,25.13,66.9,9134,11103,3539,22856,0,0,146,0,46778,69941
453,S14000102,Paisley and Renfrewshire South,Scotland,County,17.1,SNP,Lab,18.16,25.85,6.23,49.77,0,0,0,0,23.92,66,8366,11910,2869,22933,0,0,0,0,46078,69813
454,E14001421,Peckham,London,Borough,50.6,Lab,Con,11.22,70.83,10.38,0,0,5.01,2.27,0.29,59.61,62.6,4999,31552,4626,0,0,2232,1011,127,44547,71176
455,W07000100,Mid and South Pembrokeshire,Wales,County,89.1,Con,Lab,52.89,37.2,4.6,0,5.31,0,0,0,15.68,71.6,29072,20451,2531,0,2917,0,0,0,54971,76820
456,E14001422,Pendle and Clitheroe,North West,County,48.7,Con,Lab,56.93,33.09,7.34,0,0,2.08,0,0.55,23.85,63,27619,16051,3562,0,0,1010,0,268,48510,76941
457,E14001423,Penistone and Stocksbridge,Yorkshire and The Humber,County,none,Con,Lab,47.84,33.28,10.21,0,0,0,8.68,0,14.56,69.4,23688,16478,5054,0,0,0,4300,0,49520,71377
458,E14001424,Penrith and Solway,North West,County,109.9,Con,Lab,54.82,30.15,8.17,0,0,3.11,1.79,1.97,24.67,72.7,30576,16816,4556,0,0,1733,1000,1097,55778,76720
459,S14000103,Perth and Kinross-shire,Scotland,County,80.2,SNP,Con,41.07,4.99,7.98,45.25,0,0,0.71,0,4.19,74,23198,2818,4505,25562,0,0,402,0,56485,76320
460,E14001425,Peterborough,East of England,County,1.3,Con,Lab,46.48,41.54,4.9,0,0,1.51,4.45,1.11,4.94,65.4,21955,19622,2316,0,0,713,2102,524,47232,72273
461,E14001426,Plymouth Moor View,South West,Borough,5.8,Con,Lab,59.83,32.29,5.05,0,0,2.6,0.23,0,27.54,65.6,28810,15548,2430,0,0,1254,110,0,48152,73378
462,E14001427,Plymouth Sutton and Devonport,South West,Borough,5.2,Lab,Con,38.01,48.41,4.9,0,0,3,5.68,0,10.4,67,18725,23847,2416,0,0,1476,2799,0,49263,73495
463,E14001428,"Pontefract, Castleford and Knottingley",Yorkshire and The Humber,County,14,Lab,Con,35.57,38.19,6.78,0,0,0,15.79,3.67,2.62,56.7,14677,15759,2799,0,0,0,6518,1515,41268,72751
464,W07000106,Pontypridd,Wales,County,80.2,Lab,Con,27.33,46.63,1.4,0,10.89,0.22,8.46,5.07,19.3,61.8,12456,21254,639,0,4963,101,3855,2311,45579,73743
465,E14001429,Poole,South West,Borough,4.1,Con,Lab,58.8,20.67,15.35,0,0,3.44,0,1.74,38.13,67.6,28695,10087,7490,0,0,1681,0,848,48801,72162
466,E14001430,Poplar and Limehouse,London,Borough,18.4,Lab,Con,17.67,60.34,15.5,0,0,3.4,2.36,0.73,42.67,68.1,9129,31176,8009,0,0,1756,1219,376,51665,75814
467,E14001431,Portsmouth North,South East,Borough,none,Con,Lab,61.36,26.99,7.45,0,0,2.84,0,1.36,34.37,63.9,28172,12392,3419,0,0,1304,0,623,45910,71844
468,E14001432,Portsmouth South,South East,Borough,none,Lab,Con,37.33,48.64,11.42,0,0,0,2.1,0.51,11.31,63.9,17705,23068,5418,0,0,0,994,240,47425,74253
469,E14001433,Preston,North West,Borough,25.1,Lab,Con,29.8,57.29,6.76,0,0,2,4.16,0,27.49,59.1,12847,24697,2913,0,0,862,1793,0,43112,72946
470,E14001434,Putney,London,Borough,11.2,Lab,Con,36.37,44.33,16.9,0,0,2.34,0.06,0,7.95,76,20197,24613,9382,0,0,1298,36,0,55526,73041
471,E14001435,Queen's Park and Maida Vale,London,Borough,89.3,Lab,Con,19.79,61.92,13.91,0,0,3.21,0.92,0.26,42.13,59.5,8865,27739,6230,0,0,1437,413,115,44799,75256
472,E14001436,Rawmarsh and Conisbrough,Yorkshire and The Humber,County,67,Lab,Con,36.98,40.08,3.7,0,0,0.48,16.12,2.65,3.1,57.7,14992,16249,1500,0,0,194,6535,1074,40544,70272
473,E14001437,Rayleigh and Wickford,East of England,County,3.5,Con,Lab,72.93,15.67,7.7,0,0,3.7,0,0,57.26,69.3,38652,8304,4081,0,0,1960,0,0,52997,76422
474,E14001438,Reading Central,South East,Borough,58.3,Lab,Con,36.4,52.6,6.38,0,0,3.11,1.11,0.39,16.21,72.3,18756,27107,3288,0,0,1603,574,202,51530,71283
475,E14001439,Reading West and Mid Berkshire,South East,County,69,Con,Lab,56.79,22.89,16.9,0,0,3.42,0,0,33.89,70.6,28078,11320,8356,0,0,1690,0,0,49444,69999
476,E14001440,Redcar,North East,Borough,7.4,Con,Lab,47.53,36.62,4.81,0,0,1.56,6.52,2.96,10.91,62.7,21255,16377,2152,0,0,698,2915,1323,44720,71331
477,E14001441,Redditch,West Midlands,Borough,6.7,Con,Lab,64.67,25.89,6.4,0,0,3.05,0,0,38.78,67.9,30719,12296,3039,0,0,1447,0,0,47501,69921
478,E14001442,Reigate,South East,County,30.4,Con,LD,55.82,16.92,19.87,0,0,5.78,0,1.61,35.95,70.2,29846,9045,10626,0,0,3092,0,860,53469,76139
479,S14000021,East Renfrewshire,Scotland,County,none,SNP,Con,35.14,12.38,7.54,44.94,0,0,0,0,9.8,75.9,19451,6855,4174,24877,0,0,0,0,55357,72959
480,W07000107,Rhondda and Ogmore,Wales,County,46.3,Lab,Con,15.45,56.29,2.28,0,12.43,1.39,11.52,0.65,40.84,57.8,6572,23949,969,0,5290,590,4902,277,42549,73557
481,E14001443,Ribble Valley,North West,County,63.7,Con,Lab,59.84,27.61,8,0,0,2.84,0.01,1.7,32.23,68.7,31261,14422,4179,0,0,1486,6,886,52240,75993
482,E14001444,Richmond and Northallerton,Yorkshire and The Humber,County,12.6,Con,Lab,63.34,16.44,12.48,0,0,3.81,0,3.93,46.9,71.3,32861,8530,6475,0,0,1976,0,2038,51880,72744
483,E14001445,Richmond Park,London,Borough,8.2,LD,Con,40.57,5.26,53.65,0,0,0,0,0.52,13.08,78.7,23970,3109,31695,0,0,0,0,308,59082,75037
484,E14001446,Rochdale,North West,County,10.3,Lab,Con,31.55,50.83,7.53,0,0,1.88,8.21,0,19.28,58.7,13270,21379,3168,0,0,790,3451,0,42058,71697
485,E14001447,Rochester and Strood,South East,County,12.5,Con,Lab,58.47,28.11,7.1,0,0,2.59,0,3.73,30.36,61.9,26098,12545,3170,0,0,1155,0,1667,44635,72155
486,E14001448,Romford,London,Borough,2,Con,Lab,64.77,26.44,5.77,0,0,3.02,0,0,38.33,65.6,31322,12786,2789,0,0,1462,0,0,48359,73730
487,E14001449,Romsey and Southampton North,South East,County,21.7,Con,LD,57.85,12.12,28.14,0,0,0.71,0,1.17,29.71,74.1,31647,6630,15396,0,0,391,0,640,54704,73831
488,E14001450,Rossendale and Darwen,North West,County,3.1,Con,Lab,56.35,36.64,4.17,0,0,2.48,0.36,0,19.7,66.9,28124,18290,2083,0,0,1236,180,0,49913,74593
489,E14001451,Rother Valley,Yorkshire and The Humber,County,8.6,Con,Lab,46.11,32.62,4.83,0,0,2.47,11.68,2.29,13.49,64.8,20975,14840,2195,0,0,1124,5314,1040,45488,70184
490,E14001452,Rotherham,Yorkshire and The Humber,Borough,22.9,Lab,Con,33.09,40.67,6.24,0,0,0.11,17.02,2.86,7.58,57.8,14402,17699,2717,0,0,50,7408,1245,43521,75345
491,E14001453,Rugby,West Midlands,Borough,0.8,Con,Lab,57.33,31.13,8.29,0,0,3.25,0,0,26.2,70.4,29308,15913,4236,0,0,1662,0,0,51119,72603
492,E14001454,"Ruislip, Northwood and Pinner",London,Borough,32.2,Con,Lab,55.34,25.08,15.16,0,0,2.64,0.09,1.69,30.25,72.4,28916,13106,7920,0,0,1381,49,884,52256,72168
493,E14001455,Runcorn and Helsby,North West,County,94.5,Lab,Con,36.84,48.78,6.71,0,0,2.92,4.75,0,11.94,68.2,17838,23617,3247,0,0,1414,2302,0,48418,70950
494,E14001456,Runnymede and Weybridge,South East,County,38.4,Con,LD,53.22,17.75,22.7,0,0,2.69,0,3.65,30.52,71.4,28028,9347,11956,0,0,1415,0,1923,52669,73778
495,E14001457,Rushcliffe,East Midlands,County,1.5,Con,Lab,47.34,34.98,15.96,0,0,0,0,1.71,12.36,78.1,28168,20814,9496,0,0,0,0,1018,59496,76171
496,S14000104,Rutherglen,Scotland,Borough,39.1,SNP,Lab,17.26,31.16,7.19,43.1,0,0,0,1.28,11.95,68.4,8462,15272,3526,21127,0,0,0,629,49016,71612
497,E14001458,Rutland and Stamford,East Midlands,County,85.7,Con,LD,63.32,14.66,15.83,0,0,3.63,0,2.56,47.49,75.9,34052,7882,8515,0,0,1950,0,1375,53774,70864
498,E14001459,Salford,North West,Borough,32.8,Lab,Con,23.3,57.41,6.16,0,0,4.27,8.87,0,34.12,57.9,9729,23977,2571,0,0,1783,3703,0,41763,72169
499,E14001460,Salisbury,South West,County,29.4,Con,LD,55.25,18.74,19.51,0,0,5.09,0,1.41,35.74,75.1,29138,9884,10290,0,0,2685,0,745,52742,70242
500,E14001461,Scarborough and Whitby,Yorkshire and The Humber,County,none,Con,Lab,55.49,34.84,6.11,0,0,0,0,3.56,20.65,67.3,27593,17323,3038,0,0,0,0,1770,49724,73862
501,E14001462,Scunthorpe,Yorkshire and The Humber,County,18.8,Con,Lab,56.32,34.88,2.64,0,0,1.83,4.33,0,21.44,63.6,26616,16483,1249,0,0,866,2044,0,47258,74278
502,E14001463,Sefton Central,North West,County,22.5,Lab,Con,34.33,52.57,6.64,0,0,2.07,3.65,0.74,18.24,76.4,19600,30014,3789,0,0,1183,2081,422,57089,74746
503,E14001464,Selby,Yorkshire and The Humber,County,48.2,Con,Lab,57.95,29.83,6,0,0,3.04,0,3.18,28.13,70.6,30575,15737,3165,0,0,1602,0,1678,52757,74761
504,E14001465,Sevenoaks,South East,County,14.9,Con,LD,61.72,13.51,19.4,0,0,3.44,0,1.92,42.33,69.9,31780,6958,9987,0,0,1773,0,990,51488,73684
505,E14001466,Sheffield Brightside and Hillsborough,Yorkshire and The Humber,Borough,1.4,Lab,Con,25.39,56.58,3.89,0,0,3,9.7,1.45,31.19,56.7,10247,22838,1570,0,0,1210,3916,585,40366,71154
506,E14001467,Sheffield Central,Yorkshire and The Humber,Borough,21.1,Lab,Con,12.4,66.97,5.44,0,0,10.87,3.07,1.25,54.57,54,4722,25495,2070,0,0,4136,1170,474,38067,70453
507,E14001468,Sheffield Hallam,Yorkshire and The Humber,County,5.7,Lab,LD,25.7,34.97,33.12,0,0,3,2.73,0.48,1.84,78.4,15435,21004,19896,0,0,1799,1641,291,60066,76637
508,E14001469,Sheffield Heeley,Yorkshire and The Humber,Borough,33.1,Lab,Con,27.13,53.88,6.72,0,0,4.3,7.97,0,26.74,61.2,12399,24619,3070,0,0,1964,3643,0,45695,74614
509,E14001470,Sheffield South East,Yorkshire and The Humber,Borough,10.9,Lab,Con,35.63,46.75,4.66,0,0,0.17,10.73,2.06,11.12,61.5,16709,21923,2186,0,0,80,5032,966,46896,76223
510,E14001471,Sherwood Forest,East Midlands,County,13.6,Con,Lab,60.81,29.55,5.7,0,0,2.6,0,1.34,31.26,68.1,31688,15398,2969,0,0,1354,0,700,52109,76543
511,E14001472,Shipley,Yorkshire and The Humber,County,none,Con,Lab,50.81,39.25,5.9,0,0,2.41,0,1.64,11.56,72.9,27437,21195,3188,0,0,1301,0,883,54004,74095
512,E14001473,Shrewsbury,West Midlands,Borough,9.1,Con,Lab,49.37,35.46,10.81,0,0,3.25,0,1.11,13.92,68.6,25454,18279,5574,0,0,1675,0,572,51554,75139
513,E14001398,North Shropshire,West Midlands,Borough,7.8,Con,Lab,61.69,22.39,10.44,0,0,3.29,0,2.18,39.3,67.8,32248,11705,5458,0,0,1719,0,1141,52271,77052
514,E14001493,South Shropshire,West Midlands,Borough,10.8,Con,Lab,65.39,15.79,15.36,0,0,3.46,0,0,49.6,74.9,37752,9116,8869,0,0,1999,0,0,57736,77034
515,E14001474,Sittingbourne and Sheppey,South East,County,8.4,Con,Lab,66.52,20.89,6.33,0,0,2.23,0,4.03,45.63,60.9,31106,9769,2962,0,0,1043,0,1883,46763,76818
516,E14001475,Skipton and Ripon,Yorkshire and The Humber,County,5.8,Con,Lab,58.86,19.2,15.21,0,0,4.74,0,1.99,39.66,74,33416,10899,8634,0,0,2693,0,1131,56773,76758
517,E14001476,Sleaford and North Hykeham,East Midlands,County,21.3,Con,Lab,66.47,18.58,8.2,0,0,2.42,0,4.33,47.89,70.2,34258,9578,4225,0,0,1246,0,2230,51537,73380
518,E14001477,Slough,South East,Borough,10.6,Lab,Con,29.51,58.8,6.8,0,0,2.08,2.81,0,29.3,60.5,13443,26790,3099,0,0,948,1280,0,45560,75287
519,E14001478,Smethwick,West Midlands,Borough,13.6,Lab,Con,30.18,56.97,4.49,0,0,2.33,6.03,0,26.79,57.5,12365,23339,1841,0,0,956,2469,0,40970,71195
520,E14001479,Solihull West and Shirley,West Midlands,Borough,38.6,Con,Lab,60.9,19.45,15.67,0,0,3.99,0,0,41.45,71.1,30558,9760,7861,0,0,2000,0,0,50179,70537
521,E14001399,North Somerset,South West,County,8.5,Con,Lab,53.48,25.02,16.57,0,0,4.93,0,0,28.46,76.9,30411,14227,9425,0,0,2801,0,0,56864,73963
522,E14001394,North East Somerset and Hanham,South West,County,89.4,Con,Lab,54.73,26.2,15.02,0,0,2.39,0,1.67,28.53,78.6,31435,15046,8625,0,0,1370,0,961,57437,73113
524,E14001487,South Holland and the Deepings,East Midlands,County,none,Con,Lab,75.92,13.22,6.56,0,0,3.28,0,1.02,62.71,64.6,37338,6500,3225,0,0,1613,0,503,49179,76139
525,E14001491,South Ribble,North West,County,30.2,Con,Lab,53.52,36.22,7.74,0,0,2.51,0,0,17.3,68.3,26348,17833,3812,0,0,1237,0,0,49230,72029
526,E14001492,South Shields,North East,Borough,11,Lab,Con,25.82,44.09,3.55,0,0,3.15,14.68,8.71,18.26,65.7,11827,20192,1625,0,0,1442,6725,3987,45798,69725
527,E14001499,Southampton Itchen,South East,Borough,none,Con,Lab,50.51,41.02,5.28,0,0,2.19,0,1,9.49,65.7,23952,19454,2503,0,0,1040,0,472,47421,72150
528,E14001500,Southampton Test,South East,Borough,none,Lab,Con,35.66,49.46,7.67,0,0,3.18,3.54,0.49,13.81,64.3,16043,22256,3449,0,0,1433,1591,222,44994,69960
529,E14001501,Southend East and Rochford,East of England,County,14.3,Con,Lab,59,31.33,6.43,0,0,0.1,0,3.14,27.67,61.6,25463,13521,2775,0,0,42,0,1356,43157,70094
530,E14001502,Southend West and Leigh,East of England,Borough,11.7,Con,Lab,59.06,29,10.6,0,0,0,0,1.35,30.05,66.9,30367,14913,5449,0,0,0,0,692,51421,76824
531,E14001503,Southgate and Wood Green,London,Borough,86.2,Lab,Con,28.55,57.8,9.94,0,0,2.45,1.25,0,29.24,69.3,15051,30465,5242,0,0,1294,660,0,52712,76034
532,E14001504,Southport,North West,County,33.2,Con,Lab,50.38,36.78,12.48,0,0,0.36,0,0,13.59,67.2,25092,18321,6217,0,0,178,0,0,49808,74168
533,E14001505,Spelthorne,South East,Borough,none,Con,Lab,58.86,21.71,15.15,0,0,4.29,0,0,37.15,67.9,29141,10748,7499,0,0,2122,0,0,49510,72897
534,E14001506,Spen Valley,Yorkshire and The Humber,Borough,56.7,Con,Lab,46.36,33.51,5.84,0,0,1.76,3.45,9.09,12.85,65.4,21886,15822,2755,0,0,830,1627,4289,47209,72169
535,E14001507,St Albans,East of England,County,4.3,LD,Con,39.25,8.82,49.93,0,0,1.72,0,0.28,10.68,78,21705,4878,27610,0,0,950,0,154,55297,70881
536,E14001508,St Austell and Newquay,South West,County,15.9,Con,Lab,55.57,26.64,10.82,0,0,3.07,0,3.89,28.93,73.9,30620,14678,5964,0,0,1690,0,2146,55098,74585
537,E14001509,St Helens North,North West,County,none,Lab,Con,26.62,52.29,5.61,0,0,4.13,11.35,0,25.67,62.5,12661,24870,2668,0,0,1966,5396,0,47561,76082
538,E14001510,St Helens South and Whiston,North West,Borough,10.8,Lab,Con,21.29,58.12,5.68,0,0,4.28,10.62,0,36.83,64,9666,26386,2579,0,0,1944,4822,0,45397,70937
539,E14001511,St Ives,South West,County,3.8,Con,LD,48.99,9.08,39.29,0,0,1.82,0,0.83,9.7,76.9,26403,4893,21176,0,0,981,0,446,53899,70107
540,E14001512,St Neots and Mid Cambridgeshire,East of England,County,111.1,Con,LD,51.3,18.81,26.82,0,0,1.7,0,1.37,24.48,67,25670,9414,13420,0,0,853,0,686,50043,74699
541,E14001513,Stafford,West Midlands,Borough,55.2,Con,Lab,57.94,31.2,6.38,0,0,4.48,0,0,26.74,72.7,29731,16011,3272,0,0,2297,0,0,51311,70537
542,E14001514,Staffordshire Moorlands,West Midlands,Borough,19.9,Con,Lab,64.1,26.69,6.14,0,0,3.07,0,0,37.41,67.3,30260,12601,2898,0,0,1450,0,0,47209,70113
543,E14001515,Stalybridge and Hyde,North West,County,none,Lab,Con,37.95,44.9,4.31,0,0,3.33,8.48,1.03,6.95,58,16079,19025,1827,0,0,1411,3591,435,42368,73028
544,E14001516,Stevenage,East of England,County,none,Con,Lab,53.12,35.16,8.67,0,0,3.06,0,0,17.96,67.8,25328,16766,4132,0,0,1457,0,0,47683,70370
545,S14000105,Stirling and Strathallan,Scotland,County,9.9,SNP,Con,35.03,7.65,5.85,49.83,0,1.63,0,0,14.8,75.1,20254,4424,3381,28810,0,942,0,0,57811,77008
546,E14001517,Stockport,North West,Borough,48.9,Lab,Con,28.18,54.28,8.66,0,0,3.55,5.32,0,26.1,61.5,12968,24980,3986,0,0,1635,2448,0,46017,74769
547,E14001518,Stockton North,North East,County,13.1,Lab,Con,37.5,46.71,4,0,0,0,9.04,2.76,9.21,61.8,16164,20136,1723,0,0,0,3896,1189,43108,69779
548,E14001519,Stockton West,North East,County,37.3,Con,Lab,56.48,33.91,4.45,0,0,0.5,4.66,0,22.57,74.2,29397,17648,2316,0,0,262,2427,0,52050,70108
549,E14001520,Stoke-on-Trent Central,West Midlands,Borough,42.6,Con,Lab,47.11,42.89,3.76,0,0,1.97,4.26,0,4.22,57.6,19133,17418,1526,0,0,802,1731,0,40610,70550
550,E14001521,Stoke-on-Trent North,West Midlands,Borough,15.5,Con,Lab,54.14,34.84,3.3,0,0,1.37,5.58,0.77,19.3,59.9,22657,14580,1383,0,0,572,2334,322,41848,69821
551,E14001522,Stoke-on-Trent South,West Midlands,Borough,57.6,Con,Lab,62.53,29.63,6.23,0,0,1.6,0,0,32.9,67,29255,13862,2916,0,0,749,0,0,46782,69831
552,E14001523,"Stone, Great Wyrley and Penkridge",West Midlands,Borough,108.5,Con,Lab,68.48,21.58,6.52,0,0,3.42,0,0,46.9,66.1,32010,10088,3046,0,0,1597,0,0,46741,70701
553,E14001524,Stourbridge,West Midlands,Borough,58,Con,Lab,61.79,29.11,5.78,0,0,1.98,0,1.34,32.68,66.3,28614,13481,2677,0,0,918,0,621,46311,69840
555,E14001525,Stratford and Bow,London,Borough,84.1,Lab,Con,14.52,70.43,9,0,0,3.71,2.34,0,55.92,64.2,6877,33368,4265,0,0,1758,1107,0,47375,73849
556,E14001526,Stratford-on-Avon,West Midlands,Borough,2.3,Con,LD,60.19,11.34,24.68,0,0,3.79,0,0,35.51,74,32236,6074,13216,0,0,2031,0,0,53557,72388
557,E14001527,Streatham and Croydon North,London,Borough,96.4,Lab,Con,18.84,57.89,17.55,0,0,4.44,1.28,0,39.05,67.5,9666,29704,9002,0,0,2278,658,0,51308,76050
558,E14001528,Stretford and Urmston,North West,Borough,none,Lab,Con,27.52,60.31,5.93,0,0,2.71,3.53,0,32.79,68.4,13778,30195,2969,0,0,1357,1768,0,50067,73212
559,E14001529,Stroud,South West,County,22.4,Con,Lab,45.7,41.63,2.23,0,0,8,1.5,0.93,4.07,79.6,27733,25266,1356,0,0,4857,909,567,60688,76249
560,E14001156,Central Suffolk and North Ipswich,East of England,County,27.8,Con,Lab,61.9337,21.84,10.64,0,0,5.59,0,0,40.1,71,31222,11009,5365,0,0,2816,0,0,50412,71020
561,E14001530,Suffolk Coastal,East of England,County,9.7,Con,Lab,56.45,21.39,15.13,0,0,4.41,0,2.63,35.05,72.1,29558,11203,7921,0,0,2308,0,1375,52365,72663
562,E14001494,South Suffolk,East of England,County,4.6,Con,Lab,62.06,19.2,12.69,0,0,6.05,0,0,42.86,70.5,31094,9621,6360,0,0,3031,0,0,50106,71070
563,E14001578,West Suffolk,East of England,County,17.1,Con,Lab,64.33,22.17,9.04,0,0,4.46,0,0,42.15,64.7,31738,10941,4462,0,0,2199,0,0,49340,76243
564,E14001531,Sunderland Central,North East,Borough,none,Lab,Con,35.36,42.17,6.96,0,0,2.79,11.61,1.11,6.82,59.8,15372,18336,3025,0,0,1212,5047,484,43476,72688
565,E14001215,East Surrey,South East,County,31.3,Con,LD,60.35,13.19,20.39,0,0,2.98,0,3.09,39.95,70.4,31063,6787,10498,0,0,1534,0,1593,51475,73145
566,E14001532,Surrey Heath,South East,County,24.2,Con,LD,57.86,9.38,28.02,0,0,3.54,0,1.2,29.83,73.6,30161,4888,14609,0,0,1845,0,628,52131,70825
567,E14001366,Mid Sussex,South East,County,45.4,Con,LD,51.28,18,25.48,0,0,4.12,0,1.13,25.81,73.3,27154,9530,13489,0,0,2179,0,597,52949,72255
568,E14001533,Sussex Weald,South East,County,43.3,Con,LD,63.71,14.87,16.84,0,0,4.58,0,0,46.87,70.5,31486,7349,8322,0,0,2261,0,0,49418,70075
569,E14001534,Sutton and Cheam,London,Borough,none,Con,LD,49.98,14.26,33.44,0,0,2.31,0,0,16.54,70.8,25235,7200,16884,0,0,1168,0,0,50487,71284
570,E14001535,Sutton Coldfield,West Midlands,Borough,none,Con,Lab,60.4,23.57,12.15,0,0,3.88,0,0,36.83,70.2,31604,12332,6358,0,0,2031,0,0,52325,74584
571,W07000108,Swansea West,Wales,County,97.1,Lab,Con,28.67,51.38,6.41,0,5.87,0.83,6.84,0,22.71,59.2,12672,22709,2834,0,2595,367,3022,0,44199,74612
572,E14001536,Swindon North,South West,County,12.6,Con,Lab,58.5,30.54,7.9,0,0,3.06,0,0,27.96,65.7,27719,14469,3744,0,0,1449,0,0,47381,72163
573,E14001537,Swindon South,South West,Borough,29.2,Con,Lab,51.62,40.21,7.65,0,0,0.53,0,0,11.41,68.3,25564,19914,3788,0,0,261,0,0,49527,72468
574,E14001538,Tamworth,West Midlands,Borough,3.8,Con,Lab,66.72,23.3,5.32,0,0,2.05,0,2.62,43.42,64.6,31748,11085,2530,0,0,976,0,1245,47584,73644
575,E14001539,Tatton,North West,County,21.2,Con,Lab,57.28,22.48,16.19,0,0,3.69,0.36,0,34.81,73.3,31732,12451,8966,0,0,2046,199,0,55394,75538
576,E14001540,Taunton and Wellington,South West,County,12.9,Con,LD,51.98,7.9,36.3,0,0,0,0,3.82,15.68,71.6,28298,4299,19762,0,0,0,0,2081,54440,76049
577,E14001541,Telford,West Midlands,Borough,2.1,Con,Lab,59.37,34.33,6.24,0,0,0.06,0,0,25.04,61.5,25842,14942,2714,0,0,27,0,0,43525,70768
578,E14001542,Tewkesbury,South West,County,36.3,Con,LD,58.1,15.69,22,0,0,4.22,0,0,36.1,74.4,31291,8448,11848,0,0,2271,0,0,53858,72426
579,E14001216,East Thanet,South East,Borough,33.5,Con,Lab,53.45,37.62,5.19,0,0,3.74,0,0,15.83,64.9,25616,18031,2486,0,0,1791,0,0,47924,73790
580,E14001544,Thirsk and Malton,Yorkshire and The Humber,County,29.6,Con,Lab,62.5,17.79,12.46,0,0,4.5,0,2.75,44.71,68.1,32624,9287,6502,0,0,2348,0,1437,52198,76623
581,E14001545,Thornbury and Yate,South West,County,10.9,Con,LD,58.48,8.74,32.56,0,0,0.22,0,0,25.92,74.8,32798,4899,18260,0,0,126,0,0,56083,74935
582,E14001546,Thurrock,East of England,Borough,8.8,Con,Lab,59.91,32.95,3.13,0,0,1.67,0,2.35,26.96,60.5,26580,14618,1390,0,0,739,0,1042,44369,73347
583,E14001547,Tipton and Wednesbury,West Midlands,Borough,70.2,Con,Lab,50.71,38.42,3.13,0,0,1.89,5.85,0,12.29,51.7,19371,14678,1195,0,0,722,2234,0,38200,73820
584,E14001548,Tiverton and Minehead,South West,County,109.5,Con,LD,61.32,14.31,19.49,0,0,4.26,0,0.63,41.82,69.8,30297,7070,9632,0,0,2103,0,309,49411,70829
585,E14001549,Tonbridge,South East,County,31.9,Con,Lab,64.76,15.08,12.29,0,0,7.88,0,0,49.68,73.9,35262,8210,6690,0,0,4288,0,0,54450,73692
586,E14001550,Tooting,London,Borough,none,Lab,Con,28.22,52.69,14.2,0,0,3.96,0.79,0.13,24.47,76,16504,30811,8305,0,0,2314,462,77,58473,76986
587,E14001551,Torbay,South West,Borough,1.6,Con,LD,59.07,12.99,24.25,0,0,2.42,0,1.27,34.83,67.3,30109,6620,12358,0,0,1236,0,648,50971,75742
588,W07000109,Torfaen,Wales,County,12.6,Lab,Con,33.31,42.74,4.95,0,3.6,2.22,13.18,0,9.44,61.7,14506,18616,2157,0,1566,966,5742,0,43553,70591
589,E14001552,Torridge and Tavistock,South West,County,7.7,Con,LD,59.83,17.86,17.94,0,0,3.37,0,1,41.89,73.1,32708,9761,9809,0,0,1843,0,547,54668,74802
590,E14001553,Tottenham,London,Borough,35.7,Lab,Con,11.1,77.79,5.04,0,0,4.3,1.29,0.48,66.68,60.2,5076,35564,2306,0,0,1965,588,221,45720,75968
591,E14001554,Truro and Falmouth,South West,County,22,Con,Lab,46.83,38.75,10.84,0,0,2.76,0,0.82,8.08,75.3,25842,21383,5981,0,0,1522,0,450,55178,73326
592,E14001555,Tunbridge Wells,South East,County,none,Con,LD,55.11,14.82,28.31,0,0,0,0,1.75,26.8,72.7,30119,8098,15474,0,0,0,0,959,54650,75213
593,E14001556,Twickenham,London,Borough,8.9,LD,Con,33.83,8.66,56.24,0,0,0,1.27,0,22.41,76.9,19742,5051,32816,0,0,0,743,0,58352,75889
594,E14001557,Tynemouth,North East,Borough,19.7,Lab,Con,40.22,46.73,6.71,0,0,2.44,3.89,0,6.51,73.9,21696,25208,3622,0,0,1318,2096,0,53940,73022
598,E14001558,Uxbridge and South Ruislip,London,Borough,26.4,Con,Lab,52.6,36.97,6.64,0,0,2.65,0,1.14,15.63,67.7,26712,18773,3371,0,0,1347,0,579,50782,75042
599,W07000110,Vale of Glamorgan,Wales,County,8.3,Con,Lab,49.08,43.94,0,0,0,5.96,0,1.02,5.13,71,24535,21969,0,0,0,2981,0,508,49993,70426
600,E14001559,Vauxhall and Camberwell Green,London,Borough,64.3,Lab,LD,14.53,60.45,19.05,0,0,4.12,1.55,0.29,41.4,66.3,6746,28073,8848,0,0,1915,722,136,46440,69995
601,E14001560,Wakefield and Rothwell,Yorkshire and The Humber,Borough,114.2,Con,Lab,44.86,39.51,10.92,0,0,1,3.23,0.48,5.35,66.4,22022,19396,5361,0,0,490,1586,238,49093,73968
602,E14001561,Wallasey,North West,Borough,9.4,Lab,Con,25.93,63.67,3.9,0,0,2.37,4.13,0,37.73,70.5,13347,32769,2007,0,0,1219,2128,0,51470,73054
603,E14001562,Walsall and Bloxwich,West Midlands,Borough,97.8,Con,Lab,49.21,44.42,2.93,0,0,1.53,1.29,0.63,4.79,60.9,22453,20267,1338,0,0,696,588,288,45630,74866
604,E14001563,Walthamstow,London,Borough,none,Lab,Con,12.25,76.1,5.95,0,0,3.59,1.59,0.53,63.85,68.2,5922,36784,2874,0,0,1733,768,254,48335,70867
605,E14001564,Warrington North,North West,County,0.2,Lab,Con,40.94,44.19,6.56,0,0,2.69,5.62,0,3.25,64.3,19054,20567,3055,0,0,1253,2617,0,46546,72350
606,E14001565,Warrington South,North West,County,11.7,Lab,Con,44.35,44.47,8.16,0,0,0.01,2.7,0.31,0.12,70.6,24008,24073,4415,0,0,4,1461,168,54129,76639
607,E14001566,Warwick and Leamington,West Midlands,Borough,12.3,Lab,Con,41.07,43.31,10.9,0,0,2.91,1.38,0.42,2.24,69.2,21444,22613,5693,0,0,1517,721,220,52208,75440
608,E14001400,North Warwickshire and Bedworth,West Midlands,Borough,none,Con,Lab,65.88,26.77,4.51,0,0,2.84,0,0,39.11,65.4,30249,12293,2069,0,0,1303,0,0,45914,70245
609,E14001567,Washington and Gateshead South,North East,Borough,32.1,Lab,Con,33.73,43.12,4.93,0,0,2.67,13.79,1.76,9.39,58.5,14152,18090,2067,0,0,1122,5784,739,41954,71775
610,E14001568,Watford,East of England,Borough,29.3,Con,Lab,42,39.31,17.74,0,0,0.26,0,0.69,2.69,68.4,20285,18985,8570,0,0,125,0,333,48298,70576
611,E14001569,Waveney Valley,East of England,County,115.1,Con,Lab,62.2,18.59,9.16,0,0,9.31,0,0.74,43.61,72.7,31898,9534,4696,0,0,4775,0,377,51280,70540
612,E14001570,Weald of Kent,South East,County,105.4,Con,Lab,71.96,14.06,10.11,0,0,3.88,0,0,57.91,70.8,35730,6979,5018,0,0,1925,0,0,49652,70110
613,E14001571,Wellingborough and Rushden,East Midlands,County,18.9,Con,Lab,62.35,28.26,6.67,0,0,2.71,0,0,34.09,61.4,29333,13295,3140,0,0,1276,0,0,47044,76669
614,E14001572,Wells and Mendip Hills,South West,County,75.1,Con,LD,56.13,10.77,30.8,0,0,1.17,0,1.14,25.33,80.8,31678,6076,17383,0,0,661,0,643,56441,69843
615,E14001573,Welwyn Hatfield,East of England,County,0.5,Con,Lab,52.49,31.69,12.71,0,0,3.11,0,0,20.8,69.5,27188,16415,6583,0,0,1611,0,0,51797,74535
616,E14001574,West Bromwich,West Midlands,Borough,73.2,Con,Lab,47.32,42.12,3.55,0,0,1.91,3.78,1.32,5.2,57.3,19580,17430,1468,0,0,791,1563,545,41377,72206
617,E14001576,West Ham and Beckton,London,Borough,63.5,Lab,Con,16.44,70.7,6.06,0,0,2.53,2.77,1.5,54.26,57.3,6648,28585,2450,0,0,1023,1118,606,40430,70590
618,E14001580,Westmorland and Lonsdale,North West,County,52.2,Con,LD,50.16,6.92,40.68,0,0,0.53,1.11,0.6,9.48,74.9,27188,3752,22048,0,0,287,601,324,54200,72322
619,E14001581,Weston-super-Mare,South West,County,15.2,Con,Lab,57.14,28.12,11.73,0,0,3.01,0,0,29.02,64.9,26210,12900,5382,0,0,1380,0,0,45872,70722
620,E14001582,Wetherby and Easingwold,Yorkshire and The Humber,County,109.9,Con,Lab,68.19,18.25,7.91,0,0,3.93,0,1.72,49.94,76.1,37091,9927,4305,0,0,2137,0,937,54397,71455
621,E14001583,Whitehaven and Workington,North West,County,65.5,Con,Lab,48.42,44.08,3.96,0,0,1.23,1.52,0.8,4.34,67.3,23904,21760,1953,0,0,609,749,394,49369,73385
622,E14001584,Widnes and Halewood,North West,County,65.1,Lab,Con,20.82,66.45,2.78,0,0,2.34,7.61,0,45.63,66.6,9829,31371,1312,0,0,1105,3592,0,47209,70865
623,E14001585,Wigan,North West,County,none,Lab,Con,31.78,46.72,5.39,0,0,2.88,13.23,0,14.94,59.6,14314,21042,2428,0,0,1299,5959,0,45042,75607
624,E14001217,East Wiltshire,South West,County,69.3,Con,Lab,65.94,15.88,14.49,0,0,3.69,0,0,50.06,68.9,32301,7778,7100,0,0,1809,0,0,48988,71109
625,E14001498,South West Wiltshire,South West,County,18.6,Con,Lab,58.31,21.53,16.48,0,0,3.68,0,0,36.79,66,27546,10168,7787,0,0,1736,0,0,47237,71551
626,E14001586,Wimbledon,London,Borough,29.6,Con,LD,39.77,20.81,38.29,0,0,0.24,0.24,0.64,1.48,76.2,22617,11834,21778,0,0,138,139,366,56872,74641
627,E14001587,Winchester,South East,County,47.3,Con,LD,54.02,4.76,39.86,0,0,0.92,0,0.46,14.16,83.5,34522,3039,25472,0,0,586,0,292,63911,76577
628,E14001588,Windsor,South East,County,55.8,Con,Lab,56.04,19.57,18.87,0,0,3.46,0.3,1.77,36.47,67.3,28036,9789,9441,0,0,1729,152,884,50031,74338
629,E14001589,Wirral West,North West,County,51.3,Lab,Con,44.36,45.17,5.72,0,0,2.53,2.22,0,0.81,77.7,24863,25318,3204,0,0,1416,1245,0,56046,72126
630,E14001590,Witham,East of England,County,11.8,Con,Lab,66.74,17.48,10.01,0,0,5.77,0,0,49.26,69.4,34777,9108,5214,0,0,3006,0,0,52105,75064
631,E14001591,Witney,South East,County,59,Con,LD,58.06,15.4,25.96,0,0,0,0.02,0.56,32.09,69.7,28355,7520,12681,0,0,0,9,274,48839,70042
632,E14001592,Woking,South East,Borough,5.9,Con,LD,48.26,16.73,31.05,0,0,2.77,0,1.19,17.2,70.4,24358,8444,15675,0,0,1398,0,600,50475,71737
633,E14001593,Wokingham,South East,County,83.8,Con,LD,55.49,9.86,32.31,0,0,2.2,0,0.15,23.18,78.3,30524,5423,17774,0,0,1211,0,80,55012,70235
634,E14001594,Wolverhampton North East,West Midlands,Borough,44.4,Con,Lab,55.69,35.86,3.57,0,0,1.83,3.05,0,19.83,56.2,22034,14187,1412,0,0,725,1206,0,39564,70449
635,E14001595,Wolverhampton South East,West Midlands,Borough,77.6,Lab,Con,41.18,47.39,3.81,0,0,1.7,5.92,0,6.21,50.5,15743,18116,1457,0,0,648,2263,0,38227,75685
636,E14001596,Wolverhampton West,West Midlands,Borough,26.4,Con,Lab,47.37,45.54,4.36,0,0,0.24,2.48,0,1.83,67.4,24131,23197,2222,0,0,124,1264,0,50938,75592
637,E14001597,Worcester,West Midlands,Borough,none,Con,Lab,50.8,37.52,7.2,0,0,3.33,0,1.15,13.28,68.8,25856,19098,3666,0,0,1694,0,584,50898,73928
638,E14001579,West Worcestershire,West Midlands,Borough,none,Con,LD,60.68,16.51,18.09,0,0,4.72,0,0,42.58,75.1,34909,9496,10410,0,0,2715,0,0,57530,76638
639,E14001598,Worsley and Eccles,North West,County,74.1,Lab,Con,38.53,46.52,5.26,0,0,2.54,7.14,0,7.99,64.4,19097,23058,2607,0,0,1260,3541,0,49563,76915
640,E14001218,East Worthing and Shoreham,South East,County,none,Con,Lab,51.02,36.95,7.77,0,0,3.78,0,0.48,14.07,70.4,27107,19633,4127,0,0,2006,0,255,53128,75466
641,E14001599,Worthing West,South East,County,25.5,Con,Lab,56,29.53,9.92,0,0,3.62,0,0.93,26.47,68.9,29433,15521,5213,0,0,1904,0,489,52560,76293
642,E14001543,The Wrekin,West Midlands,Borough,11.2,Con,Lab,64.71,24.33,8.03,0,0,2.93,0,0,40.38,68.9,33929,12756,4212,0,0,1535,0,0,52432,76143
643,W07000111,Wrexham,Wales,County,42.4,Con,Lab,46.54,38.19,4.27,0,6.28,0.94,3.77,0,8.36,66.4,21933,17994,2013,0,2960,445,1778,0,47123,70964
644,E14001600,Wycombe,South East,County,17.6,Con,Lab,43.11,39.92,11.32,0,0,2.58,0,3.07,3.19,65.3,20213,18719,5310,0,0,1209,0,1441,46892,71769
645,E14001601,Wyre Forest,West Midlands,Borough,none,Con,Lab,65.19,22.84,8.07,0,0,3.9,0,0,42.35,65.7,32960,11547,4081,0,0,1973,0,0,50561,77015
646,E14001602,Wythenshawe and Sale East,North West,Borough,none,Lab,Con,30.07,53.3,6.95,0,0,3.48,6.07,0.13,23.23,58.2,13459,23855,3111,0,0,1559,2717,58,44759,76971
647,E14001603,Yeovil,South West,County,8.1,Con,LD,58.15,6.32,31.11,0,0,2.8,0,1.62,27.04,71.2,31477,3419,16839,0,0,1518,0,875,54128,76056
648,W07000112,Ynys Mon,Wales,County,none,Con,Lab,35.45,30.07,0,0,28.5,0,5.98,0,5.38,69.7,12959,10991,0,0,10418,0,2184,0,36552,52415
649,E14001604,York Central,Yorkshire and The Humber,Borough,4.7,Lab,Con,27.78,56.4,7.82,0,0,4.19,2.43,1.38,28.63,66.9,13918,28260,3919,0,0,2098,1216,691,50102,74854
650,E14001605,York Outer,Yorkshire and The Humber,County,4.7,Con,Lab,49.63,29.94,18.67,0,0,0.02,0.48,1.26,19.69,75.3,27173,16391,10222,0,0,9,263,692,54750,72720
