Constituen,gss_code,Leave.preds,Remain.preds,LeavePct,RemainPct
Aberafan Maesteg,W07000081,29213.53265,18330.75856,0.614448799,0.385551201
Aberdeen North,S14000060,22093.87764,28180.97057,0.439461847,0.560538153
Aberdeen South,S14000061,18635.12236,35804.02943,0.342311034,0.657688966
Aberdeenshire North and Moray East,S14000062,26491.73918,22164.08678,0.544472089,0.455527912
Airdrie and Shotts,S14000063,16123.20734,24811.69291,0.393874353,0.606125647
Aldershot,E14001063,34073.95906,24810.04931,0.578662357,0.421337643
Aldridge-Brownhills,E14001064,36031.36254,17041.71901,0.678900895,0.321099106
Alloa and Grangemouth,S14000064,20373.21253,25867.67031,0.440588745,0.559411255
Altrincham and Sale West,E14001065,22230.88594,35696.79373,0.38376966,0.61623034
Alyn and Deeside,W07000082,32794.09741,21634.15626,0.602519743,0.397480257
Amber Valley,E14001066,33506.42938,17827.99919,0.652708724,0.347291276
Angus and Perthshire Glens,S14000065,23427.76842,28388.71956,0.452129608,0.547870392
Arbroath and Broughty Ferry,S14000066,18927.61397,32735.67455,0.36636487,0.63363513
"Argyll, Bute and South Lochaber",S14000067,20419.75493,31229.08752,0.395357456,0.604642545
Arundel and South Downs,E14001067,30197.78718,31750.60171,0.487466869,0.512533131
Ashfield,E14001068,35935.53564,14814.53979,0.70808832,0.29191168
Ashford,E14001069,32626.43194,20978.43489,0.608646824,0.391353176
Ashton-under-Lyne,E14001070,28651.86174,17139.63047,0.625702731,0.374297269
Aylesbury,E14001071,27528.17608,26470.524,0.509793311,0.49020669
"Ayr, Carrick and Cumnock",S14000006,20547.91878,26701.96181,0.434877687,0.565122313
Banbury,E14001072,24578.48193,26983.79022,0.476675695,0.523324305
Bangor Aberconwy,W07000083,23607.4024,26127.20936,0.474667471,0.525332529
Barking,E14001073,25723.03019,17343.5532,0.597285138,0.402714862
Barnsley North,E14001074,35913.4371,15903.1756,0.693087318,0.306912683
Barnsley South,E14001075,36678.83674,14734.22938,0.713414692,0.286585308
Barrow and Furness,E14001076,31347.40132,22199.07583,0.585424158,0.414575842
Basildon and Billericay,E14001077,36801.52708,18681.32426,0.663295526,0.336704474
Basingstoke,E14001078,31799.38924,25847.48423,0.551623832,0.448376168
Bassetlaw,E14001079,38259.22373,17308.83182,0.688511112,0.311488888
Bath,E14001080,18255.96914,36434.38215,0.333806032,0.666193968
Bathgate and Linlithgow,S14000068,19343.08766,27822.56142,0.410109646,0.589890354
Battersea,E14001081,11383.48598,39168.10431,0.225185517,0.774814483
Beaconsfield,E14001082,27872.38969,28189.28618,0.49717368,0.50282632
Beckenham and Penge,E14001083,23896.91379,33474.97341,0.416526542,0.583473458
Bedford,E14001084,24387.05392,22369.95943,0.521569967,0.478430033
Bermondsey and Old Southwark,E14001085,14618.61087,38092.05361,0.277336873,0.722663127
"Berwickshire, Roxburgh and Selkirk",S14000008,22861.92638,29747.17979,0.434562152,0.565437848
Bethnal Green and Stepney,E14001086,15374.27424,31119.32939,0.33067504,0.66932496
Beverley and Holderness,E14001087,31688.55469,23188.88807,0.577442262,0.422557738
Bexhill and Battle,E14001088,32204.63821,22598.7359,0.587639698,0.412360302
Bexleyheath and Crayford,E14001089,34310.54016,18117.48749,0.654431259,0.345568741
Bicester and Woodstock,E14001090,27002.06175,28053.48931,0.490451212,0.509548788
Birkenhead,E14001091,26265.77136,24822.97196,0.514120522,0.485879478
Birmingham Edgbaston,E14001092,22722.31673,25344.43834,0.472724167,0.527275833
Birmingham Erdington,E14001093,28322.67105,19347.23922,0.59414148,0.40585852
Birmingham Hall Green and Moseley,E14001094,16368.51097,25326.40744,0.392578079,0.607421921
Birmingham Hodge Hill and Solihull North,E14001095,32759.50659,22122.50158,0.596907943,0.403092057
Birmingham Ladywood,E14001096,17201.55869,25372.53152,0.404038198,0.595961802
Birmingham Northfield,E14001097,26929.43007,20020.96778,0.573571925,0.426428075
Birmingham Perry Barr,E14001098,21701.17738,21580.47732,0.501394356,0.498605644
Birmingham Selly Oak,E14001099,20948.04231,21591.07473,0.492441869,0.507558131
Birmingham Yardley,E14001100,24265.09171,17938.38711,0.574954776,0.425045224
Bishop Auckland,E14001101,28272.53989,19244.1092,0.595002813,0.404997187
Blackburn,E14001102,23590.07207,18876.24708,0.555500748,0.444499252
Blackley and Middleton South,E14001103,24462.59522,18600.91733,0.56805852,0.43194148
Blackpool North and Fleetwood,E14001104,35939.27429,17096.18237,0.677646174,0.322353826
Blackpool South,E14001105,33129.06225,16378.50467,0.669171691,0.33082831
Blaenau Gwent and Rhymney,W07000084,31317.99083,17995.37467,0.63508119,0.36491881
Blaydon and Consett,E14001106,25330.48278,21853.2373,0.536847937,0.463152063
Blyth and Ashington,E14001107,30482.00757,17952.43597,0.629345675,0.370654325
Bognor Regis and Littlehampton,E14001108,36290.85187,20565.38205,0.638291518,0.361708482
Bolsover,E14001109,37158.29573,15523.23541,0.705338188,0.294661812
Bolton North East,E14001110,31402.91287,22564.07308,0.581891175,0.418108825
Bolton South and Walkden,E14001111,29909.1918,17684.28159,0.628430532,0.371569468
Bolton West,E14001112,28749.27457,23127.57968,0.554183074,0.445816926
Bootle,E14001113,29054.03866,23892.43414,0.548743611,0.451256389
Boston and Skegness,E14001114,41682.97525,13024.85775,0.761919692,0.238080308
Bournemouth East,E14001115,26216.79843,24252.58562,0.519459449,0.480540551
Bournemouth West,E14001116,29625.43835,20573.05124,0.590165931,0.409834069
Bracknell,E14001117,29218.46256,24517.60583,0.543740237,0.456259763
Bradford East,E14001118,24862.48087,19758.25219,0.557195706,0.442804294
Bradford South,E14001119,28952.53086,16315.78919,0.639575996,0.360424005
Bradford West,E14001120,19377.61124,19986.97297,0.492260026,0.507739974
Braintree,E14001121,35931.28441,23551.14787,0.604065487,0.395934513
"Brecon, Radnor and Cwm Tawe",W07000085,28649.28813,26158.84893,0.522719612,0.477280388
Brent East,E14001122,21306.69982,29412.52877,0.420091165,0.579908835
Brent West,E14001123,17620.37439,24702.43915,0.416332775,0.583667225
Brentford and Isleworth,E14001124,22445.22842,27379.21506,0.450486285,0.549513716
Brentwood and Ongar,E14001125,36033.72549,22997.13538,0.610421819,0.389578181
Bridgend,W07000086,25219.67884,24645.94289,0.505752821,0.49424718
Bridgwater,E14001126,33327.05834,18312.07415,0.645383777,0.354616224
Bridlington and the Wolds,E14001127,33538.97227,18030.64711,0.650362998,0.349637002
Brigg and Immingham,E14001128,34081.565,15692.27452,0.68472847,0.31527153
Brighton Kemptown and Peacehaven,E14001129,20291.8661,27643.1474,0.423320338,0.576679662
Brighton Pavilion,E14001130,15934.56878,41121.7332,0.27927798,0.72072202
Bristol Central,E14001131,7256.740835,33695.61499,0.177199594,0.822800406
Bristol East,E14001132,23376.01702,27350.7125,0.460822475,0.539177526
Bristol North East,E14001133,24092.1562,22940.51646,0.512242976,0.487757024
Bristol North West,E14001134,21430.40005,37669.44076,0.362613499,0.637386501
Bristol South,E14001135,25050.64653,29046.5536,0.463067339,0.536932661
Broadland and Fakenham,E14001136,30539.07738,25876.40228,0.54132443,0.45867557
Bromley and Biggin Hill,E14001137,26565.04587,26598.70002,0.499683486,0.500316514
Bromsgrove,E14001138,32563,26252,0.553651279,0.446348721
Broxbourne,E14001139,36966.08224,19622.7772,0.653239571,0.346760429
Broxtowe,E14001140,30339.32883,25464.45952,0.543678659,0.456321341
Buckingham and Bletchley,E14001141,30970.6523,24089.57261,0.562486847,0.437513153
Burnley,E14001142,32454.24173,16634.24662,0.661137526,0.338862474
Burton and Uttoxeter,E14001143,34987.25053,19126.14317,0.646554358,0.353445642
Bury North,E14001144,28931.3298,24539.30914,0.541069461,0.458930539
Bury South,E14001145,29097.88343,25674.08112,0.531255062,0.468744938
Bury St Edmunds and Stowmarket,E14001146,29745.97971,24687.20485,0.546467747,0.453532253
Caerfyrddin,W07000087,28409.77914,26155.34832,0.520658165,0.479341835
Caerphilly,W07000088,27577.04543,22823.36111,0.547159186,0.452840814
"Caithness, Sutherland and Easter Ross",S14000069,25014.47952,27180.29168,0.479252595,0.520747405
Calder Valley,E14001147,27961.98709,26371.73476,0.514634119,0.485365881
Camborne and Redruth,E14001148,29445.21028,22282.36372,0.569236251,0.430763749
Cambridge,E14001149,12268.75567,36258.59815,0.252821444,0.747178556
Cannock Chase,E14001150,36894,16684,0.688603531,0.311396469
Canterbury,E14001151,27823.50726,30356.05321,0.478235089,0.521764911
Cardiff East,W07000089,20969.06557,27568.32994,0.432018763,0.567981237
Cardiff North,W07000090,20363.88147,31275.9741,0.394344276,0.605655724
Cardiff South and Penarth,W07000091,16931.3503,27602.57901,0.380189904,0.619810096
Cardiff West,W07000092,21285.15646,32941.08237,0.392525038,0.607474962
Carlisle,E14001152,33556.10374,21926.53304,0.604803695,0.395196305
Carshalton and Wallington,E14001153,29407.42377,23523.8378,0.55557761,0.444422391
Castle Point,E14001154,38584.01638,14423.61664,0.727895478,0.272104522
Central Ayrshire,S14000010,19120.77663,25283.8014,0.430603723,0.569396277
Central Devon,E14001155,28905.79381,27729.76088,0.510382462,0.489617539
Central Suffolk and North Ipswich,E14001156,28430.3769,22131.38491,0.562290076,0.437709924
Ceredigion Preseli,W07000093,25109.78897,28110.03478,0.471812704,0.528187296
Chatham and Aylesford,E14001157,34605.43404,18990.95013,0.645667326,0.354332674
Cheadle,E14001158,24085.46721,32431.09321,0.426166544,0.573833457
Chelmsford,E14001159,27648.41538,27765.1891,0.498946344,0.501053656
Chelsea and Fulham,E14001160,15079.85572,37659.91685,0.28592948,0.714070521
Cheltenham,E14001161,23862.30213,32274.68678,0.425072712,0.574927288
Chesham and Amersham,E14001162,26465.73078,32091.36884,0.451964509,0.548035491
Chester North and Neston,E14001163,22917.77568,27866.24279,0.451279288,0.548720712
Chester South and Eddisbury,E14001164,26259.89542,30720.83764,0.460855697,0.539144304
Chesterfield,E14001165,30616.49791,21110.5079,0.591886142,0.408113858
Chichester,E14001166,30903.94197,25565.73037,0.547266182,0.452733818
Chingford and Woodford Green,E14001167,26044.61486,25545.68724,0.504835479,0.495164521
Chippenham,E14001168,28601.98236,23816.81586,0.545643611,0.454356389
Chipping Barnet,E14001169,21729.03187,29671.87251,0.422736373,0.577263627
Chorley,E14001170,30787.99799,23096.04231,0.571375083,0.428624917
Christchurch,E14001171,35175.22956,22783.97897,0.606896306,0.393103694
Cities of London and Westminster,E14001172,15300.68903,36136.77862,0.297461942,0.702538058
City of Durham,E14001173,23205.51559,27470.8678,0.457915779,0.542084221
Clacton,E14001174,39601.06001,15548.19979,0.718070563,0.281929437
Clapham and Brixton Hill,E14001175,8710.698439,43873.90896,0.165651107,0.834348893
Clwyd East,W07000094,29293.45577,27842.26784,0.51269948,0.48730052
Clwyd North,W07000095,30316.41666,22837.03909,0.570356456,0.429643544
Coatbridge and Bellshill,S14000070,16972.23207,25742.37503,0.397340236,0.602659764
Colchester,E14001176,25850.39351,24765.32226,0.510718719,0.489281281
Colne Valley,E14001177,26118.05841,26422.89047,0.4970991,0.5029009
Congleton,E14001178,25042.07414,23331.09842,0.517685172,0.482314828
Corby and East Northamptonshire,E14001179,35534.59604,24296.14246,0.593918727,0.406081273
Coventry East,E14001180,30091.85289,21166.99521,0.587056752,0.412943248
Coventry North West,E14001181,29211.60971,20781.98377,0.584307062,0.415692938
Coventry South,E14001182,25793.5374,26018.02103,0.497833653,0.502166347
Cowdenbeath and Kirkcaldy,S14000071,17834.84208,27753.11067,0.391218315,0.608781685
Cramlington and Killingworth,E14001183,29204.30231,19204.94537,0.603279409,0.396720591
Crawley,E14001184,31447,22388,0.584136714,0.415863286
Crewe and Nantwich,E14001185,32731.03655,21209.98987,0.606792987,0.393207013
Croydon East,E14001186,26720.02281,25928.44507,0.507517576,0.492482424
Croydon South,E14001187,22294.29495,29541.51324,0.43009448,0.56990552
Croydon West,E14001188,19026.77754,23322.98422,0.449277086,0.550722914
Cumbernauld and Kirkintilloch,S14000072,16705.45243,27839.23721,0.3750268,0.6249732
Dagenham and Rainham,E14001189,36129.08185,15155.69639,0.704479635,0.295520365
Darlington,E14001190,28332.25727,21233.17239,0.571613269,0.428386731
Dartford,E14001191,32534.38526,18296.70389,0.64004895,0.35995105
Daventry,E14001192,34062.57953,24535.5825,0.58129092,0.41870908
Derby North,E14001193,27185.89312,21685.60361,0.55627298,0.44372702
Derby South,E14001194,28819.3572,19301.28865,0.598897972,0.401102028
Derbyshire Dales,E14001195,29268.19564,27747.75443,0.513333473,0.486666527
Dewsbury and Batley,E14001196,26350.16234,18960.81012,0.581540429,0.418459572
Didcot and Wantage,E14001197,26437.12695,28847.18094,0.478203092,0.521796908
Doncaster Central,E14001198,34524.75903,18075.84446,0.65635671,0.34364329
Doncaster East and the Isle of Axholme,E14001199,31464.35072,15845.3824,0.665071406,0.334928594
Doncaster North,E14001200,35543.0515,14164.82961,0.715038555,0.284961445
Dorking and Horley,E14001201,27934.71515,26232.86773,0.515709095,0.484290905
Dover and Deal,E14001202,35731.47715,21100.41354,0.628722302,0.371277698
Droitwich and Evesham,E14001203,33891.20413,23455.71753,0.590985587,0.409014414
Dudley,E14001204,37282.39143,14968.74988,0.713523006,0.286476994
Dulwich and West Norwood,E14001205,11300.21466,36718.52644,0.235329257,0.764670743
Dumfries and Galloway,S14000073,24401.38143,30027.3455,0.448318063,0.551681937
"Dumfriesshire, Clydesdale and Tweeddale",S14000074,21915.23344,27442.19677,0.444010828,0.555989172
Dundee Central,S14000075,20316.82825,24251.60603,0.455856899,0.544143101
Dunfermline and Dollar,S14000076,16729.86028,28550.66773,0.369471405,0.630528596
Dunstable and Leighton Buzzard,E14001206,32725.15573,24011.97144,0.576785561,0.423214439
Dwyfor Meirionnydd,W07000096,22707.5026,29481.79939,0.435098799,0.564901201
Ealing Central and Acton,E14001207,17761.24467,38621.06456,0.315014495,0.684985505
Ealing North,E14001208,24921.42243,25722.07572,0.492095202,0.507904798
Ealing Southall,E14001209,19130.21452,29373.98208,0.394403286,0.605596714
Earley and Woodley,E14001210,24135.7395,26020.55021,0.481210625,0.518789375
Easington,E14001211,31812.99493,16236.63637,0.66208614,0.33791386
East Grinstead and Uckfield,E14001212,27259.64689,28386.23255,0.489877187,0.510122813
East Ham,E14001213,15484.86981,19797.61835,0.438882591,0.561117409
East Hampshire,E14001214,25957.73519,28194.61336,0.479346434,0.520653566
East Kilbride and Strathaven,S14000077,18510.27099,30561.64227,0.377207037,0.622792963
East Renfrewshire,S14000021,13596,39345,0.256814189,0.743185811
East Surrey,E14001215,30332.80772,26745.11443,0.53142803,0.46857197
East Thanet,E14001216,33346.46068,19518.65681,0.630783819,0.369216182
East Wiltshire,E14001217,31088.3531,25738.53833,0.547071155,0.452928846
East Worthing and Shoreham,E14001218,30904.69033,26507.9796,0.538290422,0.461709578
Eastbourne,E14001219,30700,22845,0.573349519,0.426650481
Eastleigh,E14001220,27785.0884,25614.97125,0.520319426,0.479680574
Edinburgh East and Musselburgh,S14000078,15870.59527,32166.22928,0.330383938,0.669616062
Edinburgh North and Leith,S14000079,8616.397023,45467.00274,0.159316853,0.840683148
Edinburgh South,S14000080,17494.43026,36656.22485,0.323069596,0.676930404
Edinburgh South West,S14000081,12085.5259,36583.85192,0.24831889,0.75168111
Edinburgh West,S14000082,13585.18659,41559.50647,0.246355285,0.753644715
Edmonton and Winchmore Hill,E14001221,23290.11147,27756.16118,0.456254889,0.543745111
Ellesmere Port and Bromborough,E14001222,28995.20414,17929.08685,0.617914592,0.382085408
Eltham and Chislehurst,E14001223,53057.45628,56981.70289,0.482168863,0.517831137
Ely and East Cambridgeshire,E14001224,28598.66244,29579.29295,0.491572147,0.508427853
Enfield North,E14001225,24748.65409,28073.71752,0.468525993,0.531474007
Epping Forest,E14001226,34928.35511,22062.55092,0.61287594,0.38712406
Epsom and Ewell,E14001227,28611.09808,32592.03765,0.46747765,0.53252235
Erewash,E14001228,34507.24041,20120.85909,0.631675653,0.368324347
Erith and Thamesmead,E14001229,13733.36872,13994.0812,0.495298657,0.504701343
Esher and Walton,E14001230,23444.44046,33977.04865,0.408286877,0.591713123
Exeter,E14001231,22277.15191,27597.93124,0.446658943,0.553341057
Exmouth and Exeter East,E14001232,26324.44121,25828.499,0.504754691,0.495245309
Falkirk,S14000083,20324.50192,27468.22429,0.425263498,0.574736502
Fareham and Waterlooville,E14001233,34186.977,23514.79624,0.592477061,0.407522939
Farnham and Bordon,E14001234,25818.66582,33255.71771,0.437053496,0.562946504
Faversham and Mid Kent,E14001235,30140.93817,22275.40029,0.575029448,0.424970552
Feltham and Heston,E14001236,30440.17461,19973.92082,0.603802852,0.396197148
Filton and Bradley Stoke,E14001237,25153.7304,26055.33107,0.491196864,0.508803136
Finchley and Golders Green,E14001238,17540.85027,38552.54332,0.312707953,0.687292047
Folkestone and Hythe,E14001239,31853.30327,18309.94516,0.634992834,0.365007166
Forest of Dean,E14001240,31551.28201,22856.92072,0.579899361,0.420100639
Frome and East Somerset,E14001241,26245.23876,23636.61726,0.526148,0.473852001
Fylde,E14001242,31145.55167,24036.50724,0.564414454,0.435585546
Gainsborough,E14001243,33847,20906,0.618176173,0.381823827
Gateshead Central and Whickham,E14001244,29736.80314,24760.4367,0.54565705,0.45434295
Gedling,E14001245,32531.01768,24876.02036,0.566672986,0.433327014
Gillingham and Rainham,E14001246,33815.85119,19280.37848,0.636878577,0.363121423
Glasgow East,S14000084,13167.67152,21350.34693,0.381472405,0.618527595
Glasgow North,S14000085,19128.45068,25054.92433,0.432933217,0.567066783
Glasgow North East,S14000086,15041.61273,23194.98752,0.393382587,0.606617413
Glasgow South,S14000087,10745.99026,34081.62124,0.239718109,0.760281891
Glasgow South West,S14000088,11738.02513,24819.46094,0.321084035,0.678915965
Glasgow West,S14000089,11485.1589,35119.24381,0.246439354,0.753560646
Glastonbury and Somerton,E14001247,28319.26696,25046.31804,0.530665352,0.469334648
Glenrothes and Mid Fife,S14000090,18982.37856,21120.25329,0.473344957,0.526655043
Gloucester,E14001248,32387.01624,22535.04628,0.589690459,0.410309541
Godalming and Ash,E14001249,26297.77231,30448.72129,0.463425503,0.536574498
Goole and Pocklington,E14001250,34980.19052,23331.29774,0.599885058,0.400114942
Gordon and Buchan,S14000091,22350.29196,26944.02377,0.453405056,0.546594944
Gorton and Denton,E14001251,23661.4079,20639.02673,0.53411232,0.465887681
Gosport,E14001252,35690.99307,22003.15345,0.618624163,0.381375838
Gower,W07000097,27379.04912,29280.34895,0.483221673,0.516778327
Grantham and Bourne,E14001253,35849.86544,21739.00219,0.622513811,0.377486189
Gravesham,E14001254,35643,18876,0.65377208,0.346227921
Great Grimsby and Cleethorpes,E14001255,36895.40679,15946.30288,0.698225077,0.301774923
Great Yarmouth,E14001256,35844,14284,0.715049473,0.284950527
Greenwich and Woolwich,E14001257,3011.824529,9594.614054,0.238911609,0.761088391
Guildford,E14001258,22170.03141,31927.09381,0.409819031,0.59018097
Hackney North and Stoke Newington,E14001259,10324.86711,39086.74196,0.208956302,0.791043698
Hackney South and Shoreditch,E14001260,9270.464852,33293.04975,0.217803087,0.782196914
Halesowen,E14001261,32869.79065,16396.79566,0.667182225,0.332817775
Halifax,E14001262,31013.01291,20578.26524,0.60112899,0.39887101
Hamble Valley,E14001263,29427.5564,28259.30536,0.510125798,0.489874202
Hamilton and Clyde Valley,S14000092,17369.18577,30674.49919,0.361529008,0.638470992
Hammersmith and Chiswick,E14001264,16330.17845,38207.43955,0.299429624,0.700570376
Hampstead and Highgate,E14001265,12423.30347,45528.41273,0.214373349,0.785626651
"Harborough, Oadby and Wigston",E14001266,28702.85867,26277.79396,0.522053801,0.477946199
Harlow,E14001267,36568.37931,18527.94135,0.663717266,0.336282734
Harpenden and Berkhamsted,E14001268,23895.24254,36406.53151,0.396261021,0.603738979
Harrogate and Knaresborough,E14001269,28416.96279,31368.12484,0.475318577,0.524681423
Harrow East,E14001270,24570.18333,25549.27746,0.490232396,0.509767604
Harrow West,E14001271,22100.10222,28925.89036,0.433114597,0.566885403
Hartlepool,E14001272,32071,14029,0.695683297,0.304316703
Harwich and North Essex,E14001273,32333.57651,22404.85468,0.590692422,0.409307578
Hastings and Rye,E14001274,29748.6045,23596.56779,0.557662544,0.442337456
Havant,E14001275,32952.6516,20419.07799,0.61741772,0.38258228
Hayes and Harlington,E14001276,27136.25912,19766.04287,0.578569878,0.421430123
Hazel Grove,E14001277,28951.52121,26384.33762,0.523196383,0.476803617
Hemel Hempstead,E14001278,29742.25155,23517.04222,0.55844247,0.44155753
Hendon,E14001279,18770.90066,26368.304,0.415844736,0.584155264
Henley and Thame,E14001280,23269.64122,31745.09629,0.422971049,0.577028951
Hereford and South Herefordshire,E14001281,31125.72599,19843.03493,0.610682415,0.389317585
Herne Bay and Sandwich,E14001282,31424.55492,19864.87644,0.612690648,0.387309352
Hertford and Stortford,E14001283,29051.16818,30552.14046,0.48740865,0.51259135
Hertsmere,E14001284,27936.55043,26748.10704,0.510866333,0.489133667
Hexham,E14001285,26236.79455,30516.68915,0.462293992,0.537706008
Heywood and Middleton North,E14001286,29812.79957,18533.9823,0.616644964,0.383355036
High Peak,E14001287,27717,27116,0.505480277,0.494519724
Hinckley and Bosworth,E14001288,33880.05719,22158.95242,0.604579871,0.395420129
Hitchin,E14001289,25719.07382,29026.99332,0.469788519,0.530211481
Holborn and St Pancras,E14001290,12586.25638,32868.91247,0.276893843,0.723106157
Honiton and Sidmouth,E14001291,31287.63947,25007.07989,0.555782848,0.444217152
Hornchurch and Upminster,E14001292,40498.04082,18109.57881,0.691002997,0.308997003
Hornsey and Friern Barnet,E14001293,9855.302559,46631.97279,0.174469427,0.825530573
Horsham,E14001294,28041.55836,28714.30742,0.494073308,0.505926692
Houghton and Sunderland South,E14001295,30522.29989,17408.76265,0.636795812,0.363204188
Hove and Portslade,E14001296,17308.66379,36571.31477,0.321244816,0.678755184
Huddersfield,E14001297,26393.91619,23780.38669,0.526044502,0.473955498
Huntingdon,E14001298,31047.55083,29065.95616,0.516482108,0.483517892
Hyndburn,E14001299,30536.29786,15881.50938,0.657857397,0.342142603
Ilford North,E14001300,24615.94121,23095.62272,0.51593239,0.48406761
Ilford South,E14001301,21032.04719,24390.37398,0.463032279,0.536967721
Inverclyde and Renfrewshire West,S14000093,15895.77342,30025.1456,0.346155385,0.653844615
"Inverness, Skye and West Ross-shire",S14000094,21939.05202,32120.03773,0.405834655,0.594165345
Ipswich,E14001302,29867.30795,22774.85266,0.567364782,0.432635219
Isle of Wight East,E14001303,25396.46352,15021.84247,0.628340622,0.371659378
Isle of Wight West,E14001304,23776.53648,15185.15753,0.610254176,0.389745824
Islington North,E14001305,11873.69011,39686.08912,0.230289778,0.769710222
Islington South and Finsbury,E14001306,13821.50979,40146.36609,0.25610624,0.74389376
Jarrow and Gateshead East,E14001307,29367.75922,15848.24762,0.649499177,0.350500823
Keighley and Ilkley,E14001308,25557.8259,23176.88161,0.524427604,0.475572396
Kenilworth and Southam,E14001309,26923.25309,31165.64196,0.46348365,0.53651635
Kensington and Bayswater,E14001310,15118.24486,37146.95797,0.289260235,0.710739765
Kettering,E14001311,33825.34905,21872.93786,0.60729604,0.392703961
Kilmarnock and Loudoun,S14000040,18327.66571,28140.59152,0.394412591,0.60558741
Kingston and Surbiton,E14001312,22661.676,35071.99685,0.392520948,0.607479052
Kingston upon Hull East,E14001313,32914.62402,13479.84402,0.70945148,0.29054852
Kingston upon Hull North and Cottingham,E14001314,29321.04978,19702.3233,0.598103475,0.401896525
Kingston upon Hull West and Haltemprice,E14001315,34338.60872,17754.99976,0.659171244,0.340828756
Kingswinford and South Staffordshire,E14001316,35609.278,20431.96005,0.635412051,0.364587949
Knowsley,E14001317,20972.68407,19441.55581,0.51894293,0.48105707
Lancaster and Wyre,E14001318,23417.0161,21993.57524,0.515673005,0.484326995
Leeds Central and Headingley,E14001319,17178.19029,22997.47694,0.427576976,0.572423024
Leeds East,E14001320,28980.87115,21128.35284,0.57835402,0.42164598
Leeds North East,E14001321,17764.68281,31945.81808,0.35736278,0.64263722
Leeds North West,E14001322,23326.95132,31221.68828,0.427635803,0.572364197
Leeds South,E14001323,28211.25122,23845.18601,0.541935882,0.458064118
Leeds South West and Morley,E14001324,28435.53141,19463.90214,0.593650682,0.406349318
Leeds West and Pudsey,E14001325,23979.37841,21537.5842,0.526822904,0.473177096
Leicester East,E14001326,21975.1291,19981.82553,0.52375415,0.47624585
Leicester South,E14001327,18557.9031,25203.07636,0.424074217,0.575925783
Leicester West,E14001328,27458.9678,25795.09811,0.515621997,0.484378003
Leigh and Atherton,E14001329,33753.20506,18587.81137,0.644871028,0.355128972
Lewes,E14001330,28924.84241,30603.41524,0.485901042,0.514098958
Lewisham East,E14001331,17780.65184,29503.92555,0.376034911,0.623965089
Lewisham North,E14001332,11173.47934,34439.9584,0.244960255,0.755039745
Lewisham West and East Dulwich,E14001333,11398.57311,36700.63834,0.236980457,0.763019543
Leyton and Wanstead,E14001334,18679.19592,33748.22106,0.356286787,0.643713214
Lichfield,E14001335,33421.16589,24419.46419,0.577814693,0.422185307
Lincoln,E14001336,29546.09825,21732.82502,0.576184061,0.423815939
Liverpool Garston,E14001337,15488.57235,25065.18723,0.381926917,0.618073084
Liverpool Riverside,E14001338,19862.16828,25834.71584,0.434650385,0.565349615
Liverpool Walton,E14001339,23612.89069,21475.79954,0.52369875,0.476301251
Liverpool Wavertree,E14001340,14976.74772,31458.18558,0.32253191,0.67746809
Liverpool West Derby,E14001341,19402.66753,21620.2091,0.472971891,0.527028109
Livingston,S14000095,21182.54809,28035.29562,0.430383505,0.569616495
Llanelli,W07000098,26971.22086,21498.65168,0.556453307,0.443546693
Lothian East,S14000096,16583.86495,31389.18475,0.34569128,0.65430872
Loughborough,E14001342,24206.3164,23946.25154,0.502700426,0.497299574
Louth and Horncastle,E14001343,37904.02475,17920.14225,0.678989527,0.321010473
Lowestoft,E14001344,33430.35858,18458.38089,0.644270008,0.355729992
Luton North,E14001345,27824.8777,19132.20643,0.592559743,0.407440257
Luton South and South Bedfordshire,E14001346,25076.02815,21243.6916,0.541368305,0.458631695
Macclesfield,E14001347,26773.96466,30814.75586,0.464916817,0.535083183
Maidenhead,E14001348,24669.53323,28266.47353,0.46602558,0.53397442
Maidstone and Malling,E14001349,30084.97438,22724.48731,0.569689094,0.430310906
Makerfield,E14001350,35016.71557,18149.99477,0.658621069,0.341378932
Maldon,E14001351,37776.88182,24128.08484,0.610239919,0.389760081
Manchester Central,E14001352,20978.8758,25687.48145,0.449550319,0.550449681
Manchester Rusholme,E14001353,10098.21781,21374.64015,0.320854808,0.679145192
Manchester Withington,E14001354,9626.319854,33509.27467,0.223164186,0.776835814
Mansfield,E14001355,38684.2692,15944.79337,0.708126177,0.291873824
Melksham and Devizes,E14001356,27587.60245,27641.5642,0.499511474,0.500488526
Melton and Syston,E14001357,31605.4042,21494.14092,0.595210451,0.404789549
Meriden and Solihull East,E14001358,31707.34977,24763.70554,0.561479675,0.438520325
Merthyr Tydfil and Aberdare,W07000099,26949.89259,21629.68037,0.554757709,0.445242291
Mid Bedfordshire,E14001359,30121.02945,25292.31323,0.543569978,0.456430022
Mid Buckinghamshire,E14001360,26827.0317,29942.0083,0.472564477,0.527435523
Mid Cheshire,E14001361,26333.62706,20293.04494,0.564776038,0.435223962
Mid Derbyshire,E14001362,28571.75894,26086.55145,0.522734031,0.477265969
Mid Dorset and North Poole,E14001363,32672.11667,24682.17183,0.569654293,0.430345707
Mid Dunbartonshire,S14000097,15353.91102,41062.09626,0.272155223,0.727844777
Mid Leicestershire,E14001364,33237.95345,24798.43331,0.57270887,0.427291131
Mid Norfolk,E14001365,29553.00235,17201.72958,0.632085805,0.367914196
Mid Sussex,E14001366,24998.05448,30466.8101,0.450700721,0.549299279
Mid and South Pembrokeshire,W07000100,32076.21103,22967.96522,0.582735781,0.417264219
Middlesbrough South and East Cleveland,E14001368,28938.87493,14881.35363,0.660399908,0.339600092
Middlesbrough and Thornaby East,E14001367,31608.26077,16633.04174,0.655211595,0.344788405
Midlothian,S14000045,17251,28217,0.379409695,0.620590305
Milton Keynes Central,E14001369,24717.22242,26842.11812,0.479393688,0.520606312
Milton Keynes North,E14001370,26168.82607,25454.244,0.506921151,0.49307885
Mitcham and Morden,E14001371,24189.46416,25511.4082,0.486700998,0.513299002
Monmouthshire,W07000101,27569,28061,0.495577926,0.504422074
Montgomeryshire and Glyndwr,W07000102,31578.66,22210.40668,0.587083249,0.412916752
"Moray West, Nairn and Strathspey",S14000098,23904.63053,28088.40493,0.459766011,0.540233989
Morecambe and Lunesdale,E14001372,30699.77983,27721.05647,0.525493673,0.474506327
"Motherwell, Wishaw and Carluke",S14000099,16037.31986,28365.77718,0.361175705,0.638824296
Na h-Eileanan an Iar,S14000027,6671,8232,0.447627994,0.552372006
Neath and Swansea East,W07000103,28433.55686,22080.79554,0.562880756,0.437119244
New Forest East,E14001373,34665.77575,22549.14574,0.605886976,0.394113024
New Forest West,E14001374,29875.22425,24649.85426,0.547917125,0.452082875
Newark,E14001375,32274.09824,25349.09773,0.560088654,0.439911347
Newbury,E14001376,26940.38975,28472.09658,0.486179046,0.513820954
Newcastle upon Tyne Central and West,E14001377,33422.01862,28565.01089,0.539177613,0.460822387
Newcastle upon Tyne East and Wallsend,E14001378,27028.3,21385.23536,0.558279824,0.441720176
Newcastle upon Tyne North,E14001379,20030.96425,27172.81443,0.424350864,0.575649136
Newcastle-under-Lyme,E14001380,31949.07899,19834.76407,0.616970026,0.383029974
Newport East,W07000104,28722.39467,19981.49697,0.589735105,0.410264895
Newport West and Islwyn,W07000105,28500.56907,24005.76725,0.542802471,0.45719753
Newton Abbot,E14001381,31497.50102,24805.72286,0.559426243,0.440573757
Newton Aycliffe and Spennymoor,E14001382,28184.20647,18399.00792,0.605029233,0.394970767
Normanton and Hemsworth,E14001383,37317.02801,16249.12605,0.696653114,0.303346886
North Ayrshire and Arran,S14000048,20296.63887,28423.64527,0.416595248,0.583404752
North Bedfordshire,E14001384,28976.27623,25555.15547,0.531368338,0.468631662
North Cornwall,E14001385,34937.5344,23463.26245,0.598237289,0.401762711
North Cotswolds,E14001386,24482.89636,27183.19054,0.473867828,0.526132172
North Devon,E14001387,33100,24931,0.570384794,0.429615206
North Dorset,E14001388,31348.73369,24241.11623,0.563929094,0.436070906
North Durham,E14001389,29437.72922,21167.41843,0.581714126,0.418285874
North East Cambridgeshire,E14001390,37571,15055,0.713924676,0.286075324
North East Derbyshire,E14001391,33668.20636,20629.25669,0.620069603,0.379930397
North East Fife,S14000100,22650.56887,31374.21667,0.419262541,0.580737459
North East Hampshire,E14001392,26779.23729,32086.19837,0.454922944,0.545077056
North East Hertfordshire,E14001393,29835.77102,28959.40841,0.507452674,0.492547326
North East Somerset and Hanham,E14001394,29144.95537,26520.72024,0.523571394,0.476428606
North Herefordshire,E14001395,32996.27401,24304.96507,0.575838752,0.424161248
North Norfolk,E14001396,31318.44004,22356.20577,0.583486664,0.416513336
North Northumberland,E14001397,28051.91634,25325.87091,0.525535392,0.474464608
North Shropshire,E14001398,32838.16024,21687.13775,0.602255493,0.397744507
North Somerset,E14001399,27916.17132,31731.89077,0.468014724,0.531985276
North Warwickshire and Bedworth,E14001400,36294.96963,17054.40038,0.680326115,0.319673885
North West Cambridgeshire,E14001401,30493.06953,20724.7903,0.595360088,0.404639912
North West Essex,E14001402,29090.13269,27731.02859,0.511959489,0.488040511
North West Hampshire,E14001403,29977.00384,25449.63631,0.540841079,0.459158922
North West Leicestershire,E14001404,33128.55953,21340.5239,0.6082085,0.3917915
North West Norfolk,E14001405,37496.87876,20237.35248,0.649473942,0.350526058
Northampton North,E14001406,31887.77955,22082.82748,0.590836037,0.409163963
Northampton South,E14001407,29566.22045,21722.17252,0.576470011,0.423529989
Norwich North,E14001408,29322.1212,22340.35895,0.567570916,0.432429084
Norwich South,E14001409,20358.41657,29703.62971,0.406663692,0.593336308
Nottingham East,E14001410,16872.26817,25107.1923,0.401917223,0.598082777
Nottingham North and Kimberley,E14001411,27455.83637,19469.66582,0.585094141,0.41490586
Nottingham South,E14001412,22429.56663,18948.68236,0.542061764,0.457938236
Nuneaton,E14001413,32386.87478,18115.30344,0.641296592,0.358703408
Old Bexley and Sidcup,E14001414,36323.93571,21379.28218,0.629495842,0.370504158
Oldham East and Saddleworth,E14001415,30586.35291,21992.85505,0.581719545,0.418280456
"Oldham West, Chadderton and Royton",E14001416,27634.1232,17202.70668,0.616326428,0.383673572
Orkney and Shetland,S14000051,9508,14096,0.402813083,0.597186918
Orpington,E14001417,32137.91493,25108.15876,0.561399461,0.438600539
Ossett and Denby Dale,E14001418,29458.46017,23251.00509,0.558883685,0.441116315
Oxford East,E14001419,15063.19785,31880.31732,0.320879206,0.679120795
Oxford West and Abingdon,E14001420,22082.12619,39163.71558,0.360548987,0.639451013
Paisley and Renfrewshire North,S14000101,15221.8885,27268.7377,0.358241096,0.641758904
Paisley and Renfrewshire South,S14000102,16345.71869,28557.91974,0.364017689,0.635982311
Peckham,E14001421,11827.34193,25054.16991,0.320684846,0.679315154
Pendle and Clitheroe,E14001422,33855.70182,21306.84946,0.613744307,0.386255693
Penistone and Stocksbridge,E14001423,28000.05742,19192.37855,0.593316637,0.406683363
Penrith and Solway,E14001424,30609.38634,25277.44064,0.547703063,0.452296937
Perth and Kinross-shire,S14000103,20515.9384,33829.48875,0.37750993,0.62249007
Peterborough,E14001425,32365.3351,19896.25293,0.619294903,0.380705097
Plymouth Moor View,E14001426,34970.16846,18451.83712,0.654602314,0.345397686
Plymouth Sutton and Devonport,E14001427,24741.55717,21543.74318,0.534544596,0.465455404
"Pontefract, Castleford and Knottingley",E14001428,34653.49503,13930.49052,0.713269911,0.286730089
Pontypridd,W07000106,25239.6552,24683.09627,0.505574201,0.494425799
Poole,E14001429,30206.02189,22778.54596,0.570090936,0.429909064
Poplar and Limehouse,E14001430,14445.23691,30579.50889,0.320828839,0.679171161
Portsmouth North,E14001431,33884.4328,19198.12045,0.638334645,0.361665355
Portsmouth South,E14001432,23451.5672,22185.87955,0.513866767,0.486133233
Preston,E14001433,27686.22008,21892.04025,0.558434683,0.441565317
Putney,E14001434,14211.98124,38840.106,0.267887316,0.732112684
Queen's Park and Maida Vale,E14001435,15234.34514,27804.75063,0.35396527,0.64603473
Rawmarsh and Conisbrough,E14001436,34232.41999,14329.08321,0.704929167,0.295070833
Rayleigh and Wickford,E14001437,41015.29934,18871.54595,0.684879946,0.315120054
Reading Central,E14001438,18113.47166,32126.08173,0.360542052,0.639457948
Reading West and Mid Berkshire,E14001439,26110.23823,26755.10915,0.493900816,0.506099184
Redcar,E14001440,33246.64392,16522.7708,0.66801356,0.33198644
Redditch,E14001441,32524.90948,20673.03913,0.611394054,0.388605946
Reigate,E14001442,29537.46352,32228.53902,0.47821556,0.52178444
Rhondda and Ogmore,W07000107,28805.42263,18393.59377,0.610297096,0.389702904
Ribble Valley,E14001443,30160.09357,24348.53411,0.55330862,0.44669138
Richmond Park,E14001445,17317.21052,45064.47924,0.277600857,0.722399143
Richmond and Northallerton,E14001444,29799.73131,25324.48645,0.540592366,0.459407634
Rochdale,E14001446,24984.40925,18740.9743,0.571393713,0.428606287
Rochester and Strood,E14001447,31209.52593,17827.40773,0.636449378,0.363550622
Romford,E14001448,37930.40466,17815.88596,0.680411275,0.319588725
Romsey and Southampton North,E14001449,27553.88413,30271.239,0.476503683,0.523496317
Rossendale and Darwen,E14001450,32409.63006,22345.24353,0.591904025,0.408095975
Rother Valley,E14001451,34160.65493,17108.31354,0.666302755,0.333697245
Rotherham,E14001452,35153.12709,16614.00155,0.679062718,0.320937282
Rugby,E14001453,32070.12311,22406.66261,0.58869338,0.41130662
"Ruislip, Northwood and Pinner",E14001454,26201.58692,28617.462,0.477965004,0.522034996
Runcorn and Helsby,E14001455,27415.7244,23595.50488,0.537444888,0.462555112
Runnymede and Weybridge,E14001456,28465.57462,28406.46925,0.500519635,0.499480365
Rushcliffe,E14001457,24978.02594,34761.12591,0.418118188,0.581881812
Rutherglen,S14000104,16778.87928,28192.95787,0.373097484,0.626902516
Rutland and Stamford,E14001458,27760.47563,25665.03051,0.519610906,0.480389094
Salford,E14001459,24021.7726,20658.30424,0.537639465,0.462360535
Salisbury,E14001460,26114.37466,28637.17353,0.476961392,0.523038608
Scarborough and Whitby,E14001461,32986.73741,20979.91043,0.611243031,0.388756969
Scunthorpe,E14001462,35576.66495,17004.96784,0.676598711,0.323401289
Sefton Central,E14001463,21966.23282,30563.57906,0.418166981,0.58183302
Selby,E14001464,33331.35197,21541.58849,0.607427845,0.392572155
Sevenoaks,E14001465,32185.31027,26220.96053,0.551059156,0.448940844
Sheffield Brightside and Hillsborough,E14001466,27708.50008,20367.31835,0.576350044,0.423649956
Sheffield Central,E14001467,8389.963546,19708.5298,0.298591225,0.701408775
Sheffield Hallam,E14001468,18261.12215,33802.08901,0.350749056,0.649250944
Sheffield Heeley,E14001469,27876.17761,25799.70762,0.519342671,0.480657329
Sheffield South East,E14001470,37147.90535,20178.5717,0.648006074,0.351993926
Sherwood Forest,E14001471,35322.82957,21244.59103,0.624437692,0.375562308
Shipley,E14001472,25162.55114,25337.10404,0.498271742,0.501728258
Shrewsbury,E14001473,28996.03808,25685.90453,0.530267154,0.469732846
Sittingbourne and Sheppey,E14001474,36794.89663,18780.89745,0.662066953,0.337933047
Skipton and Ripon,E14001475,31665.24731,28485.32625,0.526433007,0.473566993
Sleaford and North Hykeham,E14001476,34760.41629,20817.32193,0.625437764,0.374562237
Slough,E14001477,25032.08283,21611.64423,0.53666558,0.46333442
Smethwick,E14001478,30296.81503,17957.52714,0.627856762,0.372143238
Solihull West and Shirley,E14001479,27822.70379,24715.89518,0.529566915,0.470433085
South Basildon and East Thurrock,E14001480,38192.16243,13380.54061,0.740549946,0.259450054
South Cambridgeshire,E14001481,24019.79402,36600.70819,0.396232185,0.603767815
South Cotswolds,E14001482,27204.75609,29502.82403,0.479737559,0.520262441
South Derbyshire,E14001483,30735.12532,19063.94358,0.61718273,0.38281727
South Devon,E14001484,30611.68753,26793.52898,0.533256199,0.466743802
South Dorset,E14001485,34576.06414,22985.54763,0.600679221,0.399320779
South East Cornwall,E14001486,29501.40031,24101.43446,0.550370152,0.449629848
South Holland and the Deepings,E14001487,40915.04135,16426.40572,0.713533464,0.286466536
South Leicestershire,E14001488,32399.95362,24563.31861,0.568786735,0.431213265
South Norfolk,E14001489,24031.39671,26248.78701,0.47794966,0.52205034
South Northamptonshire,E14001490,32289.76416,26768.85942,0.546740886,0.453259114
South Ribble,E14001491,31024.74481,23830.28724,0.565577006,0.434422994
South Shields,E14001492,30724.87896,20246.0366,0.602792369,0.397207631
South Shropshire,E14001493,34078.37212,25999.47101,0.567236944,0.432763056
South Suffolk,E14001494,29933,25309,0.541852214,0.458147786
South West Devon,E14001495,32082.88108,26579.01376,0.546911776,0.453088224
South West Hertfordshire,E14001496,28710.96387,27518.46506,0.510603867,0.489396133
South West Norfolk,E14001497,39202.97352,19751.3664,0.6649718,0.3350282
South West Wiltshire,E14001498,30964.95909,23059.12172,0.573169569,0.426830431
Southampton Itchen,E14001499,28940.92937,19734.10956,0.594574345,0.405425656
Southampton Test,E14001500,23707.26553,23516.01724,0.502024936,0.497975064
Southend East and Rochford,E14001501,28813.65869,19245.93899,0.599540156,0.400459844
Southend West and Leigh,E14001502,32942.43207,23716.20605,0.581419412,0.418580588
Southgate and Wood Green,E14001503,18187.68124,31655.41583,0.364898698,0.635101302
Southport,E14001504,23758.65543,24849.90702,0.488775109,0.511224891
Spelthorne,E14001505,34135,22474,0.60299599,0.39700401
Spen Valley,E14001506,30979.81096,20676.08552,0.599734262,0.400265738
St Albans,E14001507,20687.54204,35058.96121,0.371100263,0.628899737
St Austell and Newquay,E14001508,34930.33787,18986.90194,0.647851003,0.352148997
St Helens North,E14001509,29553.22619,21163.1197,0.582716,0.417284
St Helens South and Whiston,E14001510,27485.97539,20866.68153,0.568448088,0.431551912
St Ives,E14001511,30008.65162,24811.22291,0.547404602,0.452595398
St Neots and Mid Cambridgeshire,E14001512,25285.8324,30188.40133,0.455812198,0.544187802
Stafford,E14001513,29592.01342,22710.74314,0.565783056,0.434216944
Staffordshire Moorlands,E14001514,34802.74989,18884.42526,0.648250719,0.351749281
Stalybridge and Hyde,E14001515,27348.29887,19873.63095,0.579144033,0.420855967
Stevenage,E14001516,30057.48355,22539.38302,0.571469091,0.428530909
Stirling and Strathallan,S14000105,17420.85097,35982.51111,0.326212626,0.673787374
Stockport,E14001517,24893.01158,26743.56916,0.482080944,0.517919056
Stockton North,E14001518,31766.73849,16500.29618,0.658145641,0.341854359
Stockton West,E14001519,27388.22462,22601.36526,0.547878562,0.452121438
Stoke-on-Trent Central,E14001520,34609.15771,15904.92551,0.685138787,0.314861213
Stoke-on-Trent North,E14001521,34273.94065,13397.69344,0.718958796,0.281041204
Stoke-on-Trent South,E14001522,31271.13519,16632.70876,0.652789685,0.347210315
"Stone, Great Wyrley and Penkridge",E14001523,33728.46318,20053.93998,0.627128228,0.372871772
Stourbridge,E14001524,32248.58521,18403.01166,0.636674601,0.363325399
Stratford and Bow,E14001525,17150.94706,26407.26464,0.393747732,0.606252268
Stratford-on-Avon,E14001526,29174.59419,28375.3747,0.5069437,0.4930563
Streatham and Croydon North,E14001527,16879.50216,32613.1589,0.341050608,0.658949392
Stretford and Urmston,E14001528,23944.59817,24941.18211,0.489807016,0.510192984
Stroud,E14001529,27822.36572,30984.21039,0.473116572,0.526883428
Suffolk Coastal,E14001530,32013.25224,27679.23523,0.536302868,0.463697132
Sunderland Central,E14001531,30960.73091,21973.08277,0.58489515,0.41510485
Surrey Heath,E14001532,28667.3393,27570.60234,0.509750863,0.490249137
Sussex Weald,E14001533,29821.11484,25116.04306,0.542822308,0.457177692
Sutton Coldfield,E14001535,24986.64094,28793.37423,0.464608291,0.535391709
Sutton and Cheam,E14001534,27833.57623,25795.1622,0.519004867,0.480995134
Swansea West,W07000108,24090.20905,22058.65789,0.522010846,0.477989155
Swindon North,E14001536,29494.66954,21860.30083,0.574329404,0.425670596
Swindon South,E14001537,28107.28401,24844.60825,0.530807924,0.469192076
Tamworth,E14001538,36495.58357,19073.39264,0.656761849,0.343238151
Tatton,E14001539,25196.8971,32048.748,0.440153955,0.559846045
Taunton and Wellington,E14001540,30687.66596,26454.56958,0.537039996,0.462960004
Telford,E14001541,31120.9605,15846.41395,0.662608052,0.337391948
Tewkesbury,E14001542,30063.15623,26361.99854,0.532797054,0.467202946
The Wrekin,E14001543,33781.46906,22722.07277,0.597864629,0.402135371
Thirsk and Malton,E14001544,31811.55899,22934.04503,0.581079697,0.418920303
Thornbury and Yate,E14001545,30076.34123,28565.21913,0.512884396,0.487115605
Thurrock,E14001546,35816.90401,15591.8275,0.696708574,0.303291426
Tipton and Wednesbury,E14001547,35265.44365,14572.48845,0.707602466,0.292397534
Tiverton and Minehead,E14001548,30871.68661,23793.41427,0.56474215,0.43525785
Tonbridge,E14001549,30615.10521,27039.66244,0.531007347,0.468992653
Tooting,E14001550,13825.53278,40454.78969,0.254706165,0.745293835
Torbay,E14001551,33980.47927,20390.27207,0.624977188,0.375022812
Torfaen,W07000109,28781,19363,0.597810735,0.402189266
Torridge and Tavistock,E14001552,34425.34649,24484.62718,0.584372125,0.415627875
Tottenham,E14001553,14622.37613,28419.44073,0.339724881,0.660275119
Truro and Falmouth,E14001554,24462.86551,27697.81451,0.46899054,0.53100946
Tunbridge Wells,E14001555,26302.18677,32704.61456,0.445748391,0.554251609
Twickenham,E14001556,19069.35614,39958.0812,0.323059191,0.676940809
Tynemouth,E14001557,26429.69637,30176.99791,0.466900544,0.533099456
Uxbridge and South Ruislip,E14001558,30645.53743,22333.08765,0.578450977,0.421549023
Vale of Glamorgan,W07000110,26547.97177,23663.15296,0.528726889,0.471273111
Vauxhall and Camberwell Green,E14001559,9557.832348,29955.71737,0.241887464,0.758112536
Wakefield and Rothwell,E14001560,30270.05651,18760.34159,0.617373256,0.382626744
Wallasey,E14001561,25727.20336,22729.23989,0.530934622,0.469065379
Walsall and Bloxwich,E14001562,31901.84407,17213.10149,0.649534347,0.350465653
Walthamstow,E14001563,15777.6433,28115.38065,0.35945674,0.64054326
Warrington North,E14001564,30344.41682,22168.10198,0.577851101,0.422148899
Warrington South,E14001565,29085.75263,26099.61559,0.527055514,0.472944486
Warwick and Leamington,E14001566,22288.1852,30854.61692,0.419401769,0.580598231
Washington and Gateshead South,E14001567,26309.05899,15286.15664,0.632502046,0.367497954
Watford,E14001568,25969.36824,25493.97656,0.504618741,0.495381259
Waveney Valley,E14001569,32626.10691,26017.62772,0.55634429,0.44365571
Weald of Kent,E14001570,29859.65693,23444.15713,0.560178619,0.439821381
Wellingborough and Rushden,E14001571,34057.71122,18464.47776,0.648444246,0.351555754
Wells and Mendip Hills,E14001572,26029.40702,27707.75204,0.484383757,0.515616243
Welwyn Hatfield,E14001573,29105.08133,26067.91641,0.527524016,0.472475984
West Aberdeenshire and Kincardine,S14000058,20939.05185,32635.0676,0.390842669,0.609157331
West Bromwich,E14001574,33235.15701,15756.267,0.678387242,0.321612758
West Dorset,E14001575,29696.59728,29465.00252,0.501957306,0.498042694
West Dunbartonshire,S14000106,17149.71017,27463.61219,0.384407824,0.615592176
West Ham and Beckton,E14001576,22139.67198,20435.27873,0.520016386,0.479983615
West Lancashire,E14001577,29553.26184,24535.25883,0.54638695,0.45361305
West Suffolk,E14001578,35306.31117,20701.48158,0.630382121,0.369617879
West Worcestershire,E14001579,31657.88639,28565.24334,0.525676539,0.474323461
Westmorland and Lonsdale,E14001580,27611.85236,28920.81253,0.488422975,0.511577025
Weston-super-Mare,E14001581,29592.70273,19961.55796,0.597177767,0.402822233
Wetherby and Easingwold,E14001582,26246.56599,28396.37396,0.480328584,0.519671416
Whitehaven and Workington,E14001583,32289.57211,18849.31198,0.6314094,0.3685906
Widnes and Halewood,E14001584,24850.13803,20873.42295,0.543486498,0.456513502
Wigan,E14001585,31638.15216,19716.87647,0.616067268,0.383932733
Wimbledon,E14001586,17594.95211,42406.20438,0.29324355,0.70675645
Winchester,E14001587,24477.43656,37218.65435,0.396742098,0.603257902
Windsor,E14001588,26705.9063,28205.75851,0.486343046,0.513656955
Wirral West,E14001589,23016.39767,34781.705,0.398220644,0.601779356
Witham,E14001590,34982.79577,22978.54522,0.603553941,0.396446059
Witney,E14001591,25140.36411,28361.41035,0.469897763,0.530102238
Woking,E14001592,24214,31007,0.438492603,0.561507398
Wokingham,E14001593,23288.16085,33583.16233,0.409488641,0.590511359
Wolverhampton North East,E14001594,33339.58209,14492.57105,0.697011945,0.302988055
Wolverhampton South East,E14001595,34097.6265,14707.18656,0.698652948,0.301347053
Wolverhampton West,E14001596,30434.5848,24255.42189,0.556492614,0.443507386
Worcester,E14001597,29114,25125,0.536772433,0.463227567
Worsley and Eccles,E14001598,29360.56212,19612.68855,0.599522428,0.400477573
Worthing West,E14001599,31056.17028,25649.99885,0.547668283,0.452331717
Wrexham,W07000111,29828.75451,22321.27982,0.571979576,0.428020424
Wycombe,E14001600,23007.97096,24769.87796,0.481561466,0.518438534
Wyre Forest,E14001601,36392,21240,0.631454747,0.368545253
Wythenshawe and Sale East,E14001602,24200.25378,26551.90406,0.476832017,0.523167983
Yeovil,E14001603,35721.19811,24229.29886,0.595844904,0.404155096
Ynys Mon,W07000112,19333,18618,0.509420042,0.490579958
York Central,E14001604,20369.30136,31631.36574,0.391712309,0.608287691
York Outer,E14001605,25613.69864,31985.63426,0.444687418,0.555312582
